file_path	dataset	type	size_in_bytes
experimentA/Exp01/2019-07-29_10Amutants_Migration2019-07-29_10Amutants_3minFrames_XY0001.ome.zarr	#Dataset-14901	bia:Image	608233184
experimentA/Exp01/2019-07-29_10Amutants_Migration2019-07-29_10Amutants_3minFrames_XY0001.ome.zarr.log	#Dataset-14901	bia:File	621
experimentA/Exp01/2019-07-29_10Amutants_Migration2019-07-29_10Amutants_3minFrames_XY0002.ome.zarr	#Dataset-14901	bia:Image	605712387
experimentA/Exp01/2019-07-29_10Amutants_Migration2019-07-29_10Amutants_3minFrames_XY0002.ome.zarr.log	#Dataset-14901	bia:File	621
experimentA/Exp01/2019-07-29_10Amutants_Migration2019-07-29_10Amutants_3minFrames_XY0003.ome.zarr	#Dataset-14901	bia:Image	615129547
experimentA/Exp01/2019-07-29_10Amutants_Migration2019-07-29_10Amutants_3minFrames_XY0003.ome.zarr.log	#Dataset-14901	bia:File	621
experimentA/Exp01/2019-07-29_10Amutants_Migration2019-07-29_10Amutants_3minFrames_XY0004.ome.zarr	#Dataset-14901	bia:Image	615906326
experimentA/Exp01/2019-07-29_10Amutants_Migration2019-07-29_10Amutants_3minFrames_XY0004.ome.zarr.log	#Dataset-14901	bia:File	621
experimentA/Exp01/2019-07-29_10Amutants_Migration2019-07-29_10Amutants_3minFrames_XY0005.ome.zarr	#Dataset-14901	bia:Image	635912749
experimentA/Exp01/2019-07-29_10Amutants_Migration2019-07-29_10Amutants_3minFrames_XY0005.ome.zarr.log	#Dataset-14901	bia:File	621
experimentA/Exp01/2019-07-29_10Amutants_Migration2019-07-29_10Amutants_3minFrames_XY0006.ome.zarr	#Dataset-14901	bia:Image	629206624
experimentA/Exp01/2019-07-29_10Amutants_Migration2019-07-29_10Amutants_3minFrames_XY0006.ome.zarr.log	#Dataset-14901	bia:File	621
experimentA/Exp01/2019-07-29_10Amutants_Migration2019-07-29_10Amutants_3minFrames_XY0007.ome.zarr	#Dataset-14901	bia:Image	622990627
experimentA/Exp01/2019-07-29_10Amutants_Migration2019-07-29_10Amutants_3minFrames_XY0007.ome.zarr.log	#Dataset-14901	bia:File	621
experimentA/Exp01/2019-07-29_10Amutants_Migration2019-07-29_10Amutants_3minFrames_XY0008.ome.zarr	#Dataset-14901	bia:Image	644475088
experimentA/Exp01/2019-07-29_10Amutants_Migration2019-07-29_10Amutants_3minFrames_XY0008.ome.zarr.log	#Dataset-14901	bia:File	621
experimentA/Exp01/2019-07-29_10Amutants_Migration2019-07-29_10Amutants_3minFrames_XY0009.ome.zarr	#Dataset-14901	bia:Image	617991015
experimentA/Exp01/2019-07-29_10Amutants_Migration2019-07-29_10Amutants_3minFrames_XY0009.ome.zarr.log	#Dataset-14901	bia:File	621
experimentA/Exp01/2019-07-29_10Amutants_Migration2019-07-29_10Amutants_3minFrames_XY0010.ome.zarr	#Dataset-14901	bia:Image	636827791
experimentA/Exp01/2019-07-29_10Amutants_Migration2019-07-29_10Amutants_3minFrames_XY0010.ome.zarr.log	#Dataset-14901	bia:File	621
experimentA/Exp01/2019-07-29_10Amutants_Migration2019-07-29_10Amutants_3minFrames_XY0011.ome.zarr	#Dataset-14901	bia:Image	641472453
experimentA/Exp01/2019-07-29_10Amutants_Migration2019-07-29_10Amutants_3minFrames_XY0011.ome.zarr.log	#Dataset-14901	bia:File	621
experimentA/Exp01/2019-07-29_10Amutants_Migration2019-07-29_10Amutants_3minFrames_XY0012.ome.zarr	#Dataset-14901	bia:Image	612850308
experimentA/Exp01/2019-07-29_10Amutants_Migration2019-07-29_10Amutants_3minFrames_XY0012.ome.zarr.log	#Dataset-14901	bia:File	621
experimentA/Exp01/2019-07-29_10Amutants_Migration2019-07-29_10Amutants_3minFrames_XY0013.ome.zarr	#Dataset-14901	bia:Image	616989498
experimentA/Exp01/2019-07-29_10Amutants_Migration2019-07-29_10Amutants_3minFrames_XY0013.ome.zarr.log	#Dataset-14901	bia:File	621
experimentA/Exp01/2019-07-29_10Amutants_Migration2019-07-29_10Amutants_3minFrames_XY0014.ome.zarr	#Dataset-14901	bia:Image	614843149
experimentA/Exp01/2019-07-29_10Amutants_Migration2019-07-29_10Amutants_3minFrames_XY0014.ome.zarr.log	#Dataset-14901	bia:File	621
experimentA/Exp01/2019-07-29_10Amutants_Migration2019-07-29_10Amutants_3minFrames_XY0015.ome.zarr	#Dataset-14901	bia:Image	609909414
experimentA/Exp01/2019-07-29_10Amutants_Migration2019-07-29_10Amutants_3minFrames_XY0015.ome.zarr.log	#Dataset-14901	bia:File	621
experimentA/Exp01/2019-07-29_10Amutants_Migration2019-07-29_10Amutants_3minFrames_XY0016.ome.zarr	#Dataset-14901	bia:Image	610154498
experimentA/Exp01/2019-07-29_10Amutants_Migration2019-07-29_10Amutants_3minFrames_XY0016.ome.zarr.log	#Dataset-14901	bia:File	621
experimentA/Exp01/2019-07-29_10Amutants_PreTiling2019-07-29_WellA1.ome.zarr	#Dataset-14901	bia:Image	192336921
experimentA/Exp01/2019-07-29_10Amutants_PreTiling2019-07-29_WellA1.ome.zarr.log	#Dataset-14901	bia:File	547
experimentA/Exp01/2019-07-29_10Amutants_PreTiling2019-07-29_WellA2.ome.zarr	#Dataset-14901	bia:Image	223845129
experimentA/Exp01/2019-07-29_10Amutants_PreTiling2019-07-29_WellA2.ome.zarr.log	#Dataset-14901	bia:File	547
experimentA/Exp01/2019-07-29_10Amutants_PreTiling2019-07-29_WellA3.ome.zarr	#Dataset-14901	bia:Image	203099361
experimentA/Exp01/2019-07-29_10Amutants_PreTiling2019-07-29_WellA3.ome.zarr.log	#Dataset-14901	bia:File	547
experimentA/Exp01/2019-07-29_10Amutants_PreTiling2019-07-29_WellA4.ome.zarr	#Dataset-14901	bia:Image	178250220
experimentA/Exp01/2019-07-29_10Amutants_PreTiling2019-07-29_WellA4.ome.zarr.log	#Dataset-14901	bia:File	547
experimentA/Exp01/2019-07-29_10Amutants_PreTiling2019-07-29_WellB1.ome.zarr	#Dataset-14901	bia:Image	180612014
experimentA/Exp01/2019-07-29_10Amutants_PreTiling2019-07-29_WellB1.ome.zarr.log	#Dataset-14901	bia:File	547
experimentA/Exp01/2019-07-29_10Amutants_PreTiling2019-07-29_WellB2.ome.zarr	#Dataset-14901	bia:Image	165509739
experimentA/Exp01/2019-07-29_10Amutants_PreTiling2019-07-29_WellB2.ome.zarr.log	#Dataset-14901	bia:File	547
experimentA/Exp01/2019-07-29_10Amutants_PreTiling2019-07-29_WellB3.ome.zarr	#Dataset-14901	bia:Image	182504299
experimentA/Exp01/2019-07-29_10Amutants_PreTiling2019-07-29_WellB3.ome.zarr.log	#Dataset-14901	bia:File	547
experimentA/Exp01/2019-07-29_10Amutants_PreTiling2019-07-29_WellB4.ome.zarr	#Dataset-14901	bia:Image	207874564
experimentA/Exp01/2019-07-29_10Amutants_PreTiling2019-07-29_WellB4.ome.zarr.log	#Dataset-14901	bia:File	547
experimentA/Exp01/2019-07-30_10Amutants_PostTiling2019-07-30_10Amutants_postTiling.ome.zarr	#Dataset-14901	bia:Image	244718077
experimentA/Exp01/2019-07-30_10Amutants_PostTiling2019-07-30_10Amutants_postTiling.ome.zarr.log	#Dataset-14901	bia:File	579
experimentA/Exp01/2019-07-30_10Amutants_PostTiling2019-07-30_10Amutants_postTiling_WellA2.ome.zarr	#Dataset-14901	bia:Image	245222542
experimentA/Exp01/2019-07-30_10Amutants_PostTiling2019-07-30_10Amutants_postTiling_WellA2.ome.zarr.log	#Dataset-14901	bia:File	593
experimentA/Exp01/2019-07-30_10Amutants_PostTiling2019-07-30_10Amutants_postTiling_WellA3.ome.zarr	#Dataset-14901	bia:Image	247785602
experimentA/Exp01/2019-07-30_10Amutants_PostTiling2019-07-30_10Amutants_postTiling_WellA3.ome.zarr.log	#Dataset-14901	bia:File	593
experimentA/Exp01/2019-07-30_10Amutants_PostTiling2019-07-30_10Amutants_postTiling_WellA4.ome.zarr	#Dataset-14901	bia:Image	241583322
experimentA/Exp01/2019-07-30_10Amutants_PostTiling2019-07-30_10Amutants_postTiling_WellA4.ome.zarr.log	#Dataset-14901	bia:File	593
experimentA/Exp01/2019-07-30_10Amutants_PostTiling2019-07-30_10Amutants_postTiling_WellB1.ome.zarr	#Dataset-14901	bia:Image	240833066
experimentA/Exp01/2019-07-30_10Amutants_PostTiling2019-07-30_10Amutants_postTiling_WellB1.ome.zarr.log	#Dataset-14901	bia:File	593
experimentA/Exp01/2019-07-30_10Amutants_PostTiling2019-07-30_10Amutants_postTiling_WellB2.ome.zarr	#Dataset-14901	bia:Image	245917031
experimentA/Exp01/2019-07-30_10Amutants_PostTiling2019-07-30_10Amutants_postTiling_WellB2.ome.zarr.log	#Dataset-14901	bia:File	593
experimentA/Exp01/2019-07-30_10Amutants_PostTiling2019-07-30_10Amutants_postTiling_WellB3.ome.zarr	#Dataset-14901	bia:Image	244860759
experimentA/Exp01/2019-07-30_10Amutants_PostTiling2019-07-30_10Amutants_postTiling_WellB3.ome.zarr.log	#Dataset-14901	bia:File	593
experimentA/Exp01/2019-07-30_10Amutants_PostTiling2019-07-30_10Amutants_postTiling_WellB4.ome.zarr	#Dataset-14901	bia:Image	250230600
experimentA/Exp01/2019-07-30_10Amutants_PostTiling2019-07-30_10Amutants_postTiling_WellB4.ome.zarr.log	#Dataset-14901	bia:File	593
experimentA/Exp02/2019-08-07_10Amutants_Migration2019-08-07_10Amutants_3minFrames_XY0001.ome.zarr	#Dataset-14909	bia:Image	630696165
experimentA/Exp02/2019-08-07_10Amutants_Migration2019-08-07_10Amutants_3minFrames_XY0001.ome.zarr.log	#Dataset-14909	bia:File	621
experimentA/Exp02/2019-08-07_10Amutants_Migration2019-08-07_10Amutants_3minFrames_XY0002.ome.zarr	#Dataset-14909	bia:Image	618470985
experimentA/Exp02/2019-08-07_10Amutants_Migration2019-08-07_10Amutants_3minFrames_XY0002.ome.zarr.log	#Dataset-14909	bia:File	621
experimentA/Exp02/2019-08-07_10Amutants_Migration2019-08-07_10Amutants_3minFrames_XY0003.ome.zarr	#Dataset-14909	bia:Image	597076667
experimentA/Exp02/2019-08-07_10Amutants_Migration2019-08-07_10Amutants_3minFrames_XY0003.ome.zarr.log	#Dataset-14909	bia:File	621
experimentA/Exp02/2019-08-07_10Amutants_Migration2019-08-07_10Amutants_3minFrames_XY0004.ome.zarr	#Dataset-14909	bia:Image	610138118
experimentA/Exp02/2019-08-07_10Amutants_Migration2019-08-07_10Amutants_3minFrames_XY0004.ome.zarr.log	#Dataset-14909	bia:File	621
experimentA/Exp02/2019-08-07_10Amutants_Migration2019-08-07_10Amutants_3minFrames_XY0005.ome.zarr	#Dataset-14909	bia:Image	625492289
experimentA/Exp02/2019-08-07_10Amutants_Migration2019-08-07_10Amutants_3minFrames_XY0005.ome.zarr.log	#Dataset-14909	bia:File	621
experimentA/Exp02/2019-08-07_10Amutants_Migration2019-08-07_10Amutants_3minFrames_XY0006.ome.zarr	#Dataset-14909	bia:Image	621732803
experimentA/Exp02/2019-08-07_10Amutants_Migration2019-08-07_10Amutants_3minFrames_XY0006.ome.zarr.log	#Dataset-14909	bia:File	621
experimentA/Exp02/2019-08-07_10Amutants_Migration2019-08-07_10Amutants_3minFrames_XY0007.ome.zarr	#Dataset-14909	bia:Image	625153292
experimentA/Exp02/2019-08-07_10Amutants_Migration2019-08-07_10Amutants_3minFrames_XY0007.ome.zarr.log	#Dataset-14909	bia:File	621
experimentA/Exp02/2019-08-07_10Amutants_Migration2019-08-07_10Amutants_3minFrames_XY0008.ome.zarr	#Dataset-14909	bia:Image	631733310
experimentA/Exp02/2019-08-07_10Amutants_Migration2019-08-07_10Amutants_3minFrames_XY0008.ome.zarr.log	#Dataset-14909	bia:File	621
experimentA/Exp02/2019-08-07_10Amutants_Migration2019-08-07_10Amutants_3minFrames_XY0009.ome.zarr	#Dataset-14909	bia:Image	622321912
experimentA/Exp02/2019-08-07_10Amutants_Migration2019-08-07_10Amutants_3minFrames_XY0009.ome.zarr.log	#Dataset-14909	bia:File	621
experimentA/Exp02/2019-08-07_10Amutants_Migration2019-08-07_10Amutants_3minFrames_XY0010.ome.zarr	#Dataset-14909	bia:Image	626040493
experimentA/Exp02/2019-08-07_10Amutants_Migration2019-08-07_10Amutants_3minFrames_XY0010.ome.zarr.log	#Dataset-14909	bia:File	621
experimentA/Exp02/2019-08-07_10Amutants_Migration2019-08-07_10Amutants_3minFrames_XY0011.ome.zarr	#Dataset-14909	bia:Image	619885865
experimentA/Exp02/2019-08-07_10Amutants_Migration2019-08-07_10Amutants_3minFrames_XY0011.ome.zarr.log	#Dataset-14909	bia:File	621
experimentA/Exp02/2019-08-07_10Amutants_Migration2019-08-07_10Amutants_3minFrames_XY0012.ome.zarr	#Dataset-14909	bia:Image	603846883
experimentA/Exp02/2019-08-07_10Amutants_Migration2019-08-07_10Amutants_3minFrames_XY0012.ome.zarr.log	#Dataset-14909	bia:File	621
experimentA/Exp02/2019-08-07_10Amutants_Migration2019-08-07_10Amutants_3minFrames_XY0013.ome.zarr	#Dataset-14909	bia:Image	601800554
experimentA/Exp02/2019-08-07_10Amutants_Migration2019-08-07_10Amutants_3minFrames_XY0013.ome.zarr.log	#Dataset-14909	bia:File	621
experimentA/Exp02/2019-08-07_10Amutants_Migration2019-08-07_10Amutants_3minFrames_XY0014.ome.zarr	#Dataset-14909	bia:Image	608949799
experimentA/Exp02/2019-08-07_10Amutants_Migration2019-08-07_10Amutants_3minFrames_XY0014.ome.zarr.log	#Dataset-14909	bia:File	621
experimentA/Exp02/2019-08-07_10Amutants_Migration2019-08-07_10Amutants_3minFrames_XY0015.ome.zarr	#Dataset-14909	bia:Image	626871739
experimentA/Exp02/2019-08-07_10Amutants_Migration2019-08-07_10Amutants_3minFrames_XY0015.ome.zarr.log	#Dataset-14909	bia:File	621
experimentA/Exp02/2019-08-07_10Amutants_Migration2019-08-07_10Amutants_3minFrames_XY0016.ome.zarr	#Dataset-14909	bia:Image	607233182
experimentA/Exp02/2019-08-07_10Amutants_Migration2019-08-07_10Amutants_3minFrames_XY0016.ome.zarr.log	#Dataset-14909	bia:File	621
experimentA/Exp02/2019-08-07_10Amutants_PostTiling2019-08-07_10Amutants_WellA1.ome.zarr	#Dataset-14909	bia:Image	244394346
experimentA/Exp02/2019-08-07_10Amutants_PostTiling2019-08-07_10Amutants_WellA1.ome.zarr.log	#Dataset-14909	bia:File	571
experimentA/Exp02/2019-08-07_10Amutants_PostTiling2019-08-07_10Amutants_WellA2.ome.zarr	#Dataset-14909	bia:Image	243276288
experimentA/Exp02/2019-08-07_10Amutants_PostTiling2019-08-07_10Amutants_WellA2.ome.zarr.log	#Dataset-14909	bia:File	571
experimentA/Exp02/2019-08-07_10Amutants_PostTiling2019-08-07_10Amutants_WellA3.ome.zarr	#Dataset-14909	bia:Image	243753916
experimentA/Exp02/2019-08-07_10Amutants_PostTiling2019-08-07_10Amutants_WellA3.ome.zarr.log	#Dataset-14909	bia:File	571
experimentA/Exp02/2019-08-07_10Amutants_PostTiling2019-08-07_10Amutants_WellA4.ome.zarr	#Dataset-14909	bia:Image	244482063
experimentA/Exp02/2019-08-07_10Amutants_PostTiling2019-08-07_10Amutants_WellA4.ome.zarr.log	#Dataset-14909	bia:File	571
experimentA/Exp02/2019-08-07_10Amutants_PostTiling2019-08-07_10Amutants_WellB1.ome.zarr	#Dataset-14909	bia:Image	246136246
experimentA/Exp02/2019-08-07_10Amutants_PostTiling2019-08-07_10Amutants_WellB1.ome.zarr.log	#Dataset-14909	bia:File	571
experimentA/Exp02/2019-08-07_10Amutants_PostTiling2019-08-07_10Amutants_WellB2.ome.zarr	#Dataset-14909	bia:Image	243522888
experimentA/Exp02/2019-08-07_10Amutants_PostTiling2019-08-07_10Amutants_WellB2.ome.zarr.log	#Dataset-14909	bia:File	571
experimentA/Exp02/2019-08-07_10Amutants_PostTiling2019-08-07_10Amutants_WellB3.ome.zarr	#Dataset-14909	bia:Image	240111067
experimentA/Exp02/2019-08-07_10Amutants_PostTiling2019-08-07_10Amutants_WellB3.ome.zarr.log	#Dataset-14909	bia:File	571
experimentA/Exp02/2019-08-07_10Amutants_PostTiling2019-08-07_10Amutants_WellB4.ome.zarr	#Dataset-14909	bia:Image	244192130
experimentA/Exp02/2019-08-07_10Amutants_PostTiling2019-08-07_10Amutants_WellB4.ome.zarr.log	#Dataset-14909	bia:File	571
experimentA/Exp02/2019-08-07_10Amutants_PreTiling2019-08-07_10Amutants_WellA1.ome.zarr	#Dataset-14909	bia:Image	244067250
experimentA/Exp02/2019-08-07_10Amutants_PreTiling2019-08-07_10Amutants_WellA1.ome.zarr.log	#Dataset-14909	bia:File	569
experimentA/Exp02/2019-08-07_10Amutants_PreTiling2019-08-07_10Amutants_WellA2.ome.zarr	#Dataset-14909	bia:Image	236886030
experimentA/Exp02/2019-08-07_10Amutants_PreTiling2019-08-07_10Amutants_WellA2.ome.zarr.log	#Dataset-14909	bia:File	569
experimentA/Exp02/2019-08-07_10Amutants_PreTiling2019-08-07_10Amutants_WellA3.ome.zarr	#Dataset-14909	bia:Image	244154683
experimentA/Exp02/2019-08-07_10Amutants_PreTiling2019-08-07_10Amutants_WellA3.ome.zarr.log	#Dataset-14909	bia:File	569
experimentA/Exp02/2019-08-07_10Amutants_PreTiling2019-08-07_10Amutants_WellA4.ome.zarr	#Dataset-14909	bia:Image	244891205
experimentA/Exp02/2019-08-07_10Amutants_PreTiling2019-08-07_10Amutants_WellA4.ome.zarr.log	#Dataset-14909	bia:File	569
experimentA/Exp02/2019-08-07_10Amutants_PreTiling2019-08-07_10Amutants_WellB1.ome.zarr	#Dataset-14909	bia:Image	237107881
experimentA/Exp02/2019-08-07_10Amutants_PreTiling2019-08-07_10Amutants_WellB1.ome.zarr.log	#Dataset-14909	bia:File	569
experimentA/Exp02/2019-08-07_10Amutants_PreTiling2019-08-07_10Amutants_WellB2.ome.zarr	#Dataset-14909	bia:Image	239032784
experimentA/Exp02/2019-08-07_10Amutants_PreTiling2019-08-07_10Amutants_WellB2.ome.zarr.log	#Dataset-14909	bia:File	569
experimentA/Exp02/2019-08-07_10Amutants_PreTiling2019-08-07_10Amutants_WellB3.ome.zarr	#Dataset-14909	bia:Image	231218095
experimentA/Exp02/2019-08-07_10Amutants_PreTiling2019-08-07_10Amutants_WellB3.ome.zarr.log	#Dataset-14909	bia:File	569
experimentA/Exp02/2019-08-07_10Amutants_PreTiling2019-08-07_10Amutants_WellB4.ome.zarr	#Dataset-14909	bia:Image	243220030
experimentA/Exp02/2019-08-07_10Amutants_PreTiling2019-08-07_10Amutants_WellB4.ome.zarr.log	#Dataset-14909	bia:File	569
experimentA/Exp03/2019-08-08_10Amutants_Migration2019-08-08_10Amutants_3minFrames_XY0001.ome.zarr	#Dataset-14910	bia:Image	599087623
experimentA/Exp03/2019-08-08_10Amutants_Migration2019-08-08_10Amutants_3minFrames_XY0001.ome.zarr.log	#Dataset-14910	bia:File	621
experimentA/Exp03/2019-08-08_10Amutants_Migration2019-08-08_10Amutants_3minFrames_XY0002.ome.zarr	#Dataset-14910	bia:Image	604138181
experimentA/Exp03/2019-08-08_10Amutants_Migration2019-08-08_10Amutants_3minFrames_XY0002.ome.zarr.log	#Dataset-14910	bia:File	621
experimentA/Exp03/2019-08-08_10Amutants_Migration2019-08-08_10Amutants_3minFrames_XY0003.ome.zarr	#Dataset-14910	bia:Image	607487730
experimentA/Exp03/2019-08-08_10Amutants_Migration2019-08-08_10Amutants_3minFrames_XY0003.ome.zarr.log	#Dataset-14910	bia:File	621
experimentA/Exp03/2019-08-08_10Amutants_Migration2019-08-08_10Amutants_3minFrames_XY0004.ome.zarr	#Dataset-14910	bia:Image	617721575
experimentA/Exp03/2019-08-08_10Amutants_Migration2019-08-08_10Amutants_3minFrames_XY0004.ome.zarr.log	#Dataset-14910	bia:File	621
experimentA/Exp03/2019-08-08_10Amutants_Migration2019-08-08_10Amutants_3minFrames_XY0005.ome.zarr	#Dataset-14910	bia:Image	627230121
experimentA/Exp03/2019-08-08_10Amutants_Migration2019-08-08_10Amutants_3minFrames_XY0005.ome.zarr.log	#Dataset-14910	bia:File	621
experimentA/Exp03/2019-08-08_10Amutants_Migration2019-08-08_10Amutants_3minFrames_XY0006.ome.zarr	#Dataset-14910	bia:Image	628745678
experimentA/Exp03/2019-08-08_10Amutants_Migration2019-08-08_10Amutants_3minFrames_XY0006.ome.zarr.log	#Dataset-14910	bia:File	621
experimentA/Exp03/2019-08-08_10Amutants_Migration2019-08-08_10Amutants_3minFrames_XY0007.ome.zarr	#Dataset-14910	bia:Image	623353730
experimentA/Exp03/2019-08-08_10Amutants_Migration2019-08-08_10Amutants_3minFrames_XY0007.ome.zarr.log	#Dataset-14910	bia:File	621
experimentA/Exp03/2019-08-08_10Amutants_Migration2019-08-08_10Amutants_3minFrames_XY0008.ome.zarr	#Dataset-14910	bia:Image	620367326
experimentA/Exp03/2019-08-08_10Amutants_Migration2019-08-08_10Amutants_3minFrames_XY0008.ome.zarr.log	#Dataset-14910	bia:File	621
experimentA/Exp03/2019-08-08_10Amutants_Migration2019-08-08_10Amutants_3minFrames_XY0009.ome.zarr	#Dataset-14910	bia:Image	620918588
experimentA/Exp03/2019-08-08_10Amutants_Migration2019-08-08_10Amutants_3minFrames_XY0009.ome.zarr.log	#Dataset-14910	bia:File	621
experimentA/Exp03/2019-08-08_10Amutants_Migration2019-08-08_10Amutants_3minFrames_XY0010.ome.zarr	#Dataset-14910	bia:Image	639938533
experimentA/Exp03/2019-08-08_10Amutants_Migration2019-08-08_10Amutants_3minFrames_XY0010.ome.zarr.log	#Dataset-14910	bia:File	621
experimentA/Exp03/2019-08-08_10Amutants_Migration2019-08-08_10Amutants_3minFrames_XY0011.ome.zarr	#Dataset-14910	bia:Image	621030483
experimentA/Exp03/2019-08-08_10Amutants_Migration2019-08-08_10Amutants_3minFrames_XY0011.ome.zarr.log	#Dataset-14910	bia:File	621
experimentA/Exp03/2019-08-08_10Amutants_Migration2019-08-08_10Amutants_3minFrames_XY0012.ome.zarr	#Dataset-14910	bia:Image	640540594
experimentA/Exp03/2019-08-08_10Amutants_Migration2019-08-08_10Amutants_3minFrames_XY0012.ome.zarr.log	#Dataset-14910	bia:File	621
experimentA/Exp03/2019-08-08_10Amutants_Migration2019-08-08_10Amutants_3minFrames_XY0013.ome.zarr	#Dataset-14910	bia:Image	595733919
experimentA/Exp03/2019-08-08_10Amutants_Migration2019-08-08_10Amutants_3minFrames_XY0013.ome.zarr.log	#Dataset-14910	bia:File	621
experimentA/Exp03/2019-08-08_10Amutants_Migration2019-08-08_10Amutants_3minFrames_XY0014.ome.zarr	#Dataset-14910	bia:Image	597477866
experimentA/Exp03/2019-08-08_10Amutants_Migration2019-08-08_10Amutants_3minFrames_XY0014.ome.zarr.log	#Dataset-14910	bia:File	621
experimentA/Exp03/2019-08-08_10Amutants_Migration2019-08-08_10Amutants_3minFrames_XY0015.ome.zarr	#Dataset-14910	bia:Image	627874553
experimentA/Exp03/2019-08-08_10Amutants_Migration2019-08-08_10Amutants_3minFrames_XY0015.ome.zarr.log	#Dataset-14910	bia:File	621
experimentA/Exp03/2019-08-08_10Amutants_Migration2019-08-08_10Amutants_3minFrames_XY0016.ome.zarr	#Dataset-14910	bia:Image	618463577
experimentA/Exp03/2019-08-08_10Amutants_Migration2019-08-08_10Amutants_3minFrames_XY0016.ome.zarr.log	#Dataset-14910	bia:File	621
experimentA/Exp03/2019-08-08_10Amutants_PostTiling2019-08-08_10Amutants_WellA1.ome.zarr	#Dataset-14910	bia:Image	240806434
experimentA/Exp03/2019-08-08_10Amutants_PostTiling2019-08-08_10Amutants_WellA1.ome.zarr.log	#Dataset-14910	bia:File	571
experimentA/Exp03/2019-08-08_10Amutants_PostTiling2019-08-08_10Amutants_WellA2.ome.zarr	#Dataset-14910	bia:Image	244504805
experimentA/Exp03/2019-08-08_10Amutants_PostTiling2019-08-08_10Amutants_WellA2.ome.zarr.log	#Dataset-14910	bia:File	571
experimentA/Exp03/2019-08-08_10Amutants_PostTiling2019-08-08_10Amutants_WellA3.ome.zarr	#Dataset-14910	bia:Image	240317762
experimentA/Exp03/2019-08-08_10Amutants_PostTiling2019-08-08_10Amutants_WellA3.ome.zarr.log	#Dataset-14910	bia:File	571
experimentA/Exp03/2019-08-08_10Amutants_PostTiling2019-08-08_10Amutants_WellA4.ome.zarr	#Dataset-14910	bia:Image	241088857
experimentA/Exp03/2019-08-08_10Amutants_PostTiling2019-08-08_10Amutants_WellA4.ome.zarr.log	#Dataset-14910	bia:File	571
experimentA/Exp03/2019-08-08_10Amutants_PostTiling2019-08-08_10Amutants_WellB1.ome.zarr	#Dataset-14910	bia:Image	244517700
experimentA/Exp03/2019-08-08_10Amutants_PostTiling2019-08-08_10Amutants_WellB1.ome.zarr.log	#Dataset-14910	bia:File	571
experimentA/Exp03/2019-08-08_10Amutants_PostTiling2019-08-08_10Amutants_WellB2.ome.zarr	#Dataset-14910	bia:Image	240580183
experimentA/Exp03/2019-08-08_10Amutants_PostTiling2019-08-08_10Amutants_WellB2.ome.zarr.log	#Dataset-14910	bia:File	571
experimentA/Exp03/2019-08-08_10Amutants_PostTiling2019-08-08_10Amutants_WellB3.ome.zarr	#Dataset-14910	bia:Image	241568659
experimentA/Exp03/2019-08-08_10Amutants_PostTiling2019-08-08_10Amutants_WellB3.ome.zarr.log	#Dataset-14910	bia:File	571
experimentA/Exp03/2019-08-08_10Amutants_PostTiling2019-08-08_10Amutants_WellB4.ome.zarr	#Dataset-14910	bia:Image	242486256
experimentA/Exp03/2019-08-08_10Amutants_PostTiling2019-08-08_10Amutants_WellB4.ome.zarr.log	#Dataset-14910	bia:File	571
experimentA/Exp03/2019-08-08_10Amutants_PreTiling2019-08-08_10Amutants_WellA1.ome.zarr	#Dataset-14910	bia:Image	240050819
experimentA/Exp03/2019-08-08_10Amutants_PreTiling2019-08-08_10Amutants_WellA1.ome.zarr.log	#Dataset-14910	bia:File	569
experimentA/Exp03/2019-08-08_10Amutants_PreTiling2019-08-08_10Amutants_WellA2.ome.zarr	#Dataset-14910	bia:Image	239580509
experimentA/Exp03/2019-08-08_10Amutants_PreTiling2019-08-08_10Amutants_WellA2.ome.zarr.log	#Dataset-14910	bia:File	569
experimentA/Exp03/2019-08-08_10Amutants_PreTiling2019-08-08_10Amutants_WellA3.ome.zarr	#Dataset-14910	bia:Image	241390957
experimentA/Exp03/2019-08-08_10Amutants_PreTiling2019-08-08_10Amutants_WellA3.ome.zarr.log	#Dataset-14910	bia:File	569
experimentA/Exp03/2019-08-08_10Amutants_PreTiling2019-08-08_10Amutants_WellA4.ome.zarr	#Dataset-14910	bia:Image	238153542
experimentA/Exp03/2019-08-08_10Amutants_PreTiling2019-08-08_10Amutants_WellA4.ome.zarr.log	#Dataset-14910	bia:File	569
experimentA/Exp03/2019-08-08_10Amutants_PreTiling2019-08-08_10Amutants_WellB1.ome.zarr	#Dataset-14910	bia:Image	241417020
experimentA/Exp03/2019-08-08_10Amutants_PreTiling2019-08-08_10Amutants_WellB1.ome.zarr.log	#Dataset-14910	bia:File	569
experimentA/Exp03/2019-08-08_10Amutants_PreTiling2019-08-08_10Amutants_WellB2.ome.zarr	#Dataset-14910	bia:Image	237581898
experimentA/Exp03/2019-08-08_10Amutants_PreTiling2019-08-08_10Amutants_WellB2.ome.zarr.log	#Dataset-14910	bia:File	569
experimentA/Exp03/2019-08-08_10Amutants_PreTiling2019-08-08_10Amutants_WellB3.ome.zarr	#Dataset-14910	bia:Image	242605403
experimentA/Exp03/2019-08-08_10Amutants_PreTiling2019-08-08_10Amutants_WellB3.ome.zarr.log	#Dataset-14910	bia:File	569
experimentA/Exp03/2019-08-08_10Amutants_PreTiling2019-08-08_10Amutants_WellB4.ome.zarr	#Dataset-14910	bia:Image	242557197
experimentA/Exp03/2019-08-08_10Amutants_PreTiling2019-08-08_10Amutants_WellB4.ome.zarr.log	#Dataset-14910	bia:File	569
experimentA/Exp04/2019-08-09_10Amutants_Migration2019-08-09_10Amutants_3minFrames_XY0001.ome.zarr	#Dataset-14911	bia:Image	675941181
experimentA/Exp04/2019-08-09_10Amutants_Migration2019-08-09_10Amutants_3minFrames_XY0001.ome.zarr.log	#Dataset-14911	bia:File	621
experimentA/Exp04/2019-08-09_10Amutants_Migration2019-08-09_10Amutants_3minFrames_XY0002.ome.zarr	#Dataset-14911	bia:Image	667017761
experimentA/Exp04/2019-08-09_10Amutants_Migration2019-08-09_10Amutants_3minFrames_XY0002.ome.zarr.log	#Dataset-14911	bia:File	621
experimentA/Exp04/2019-08-09_10Amutants_Migration2019-08-09_10Amutants_3minFrames_XY0003.ome.zarr	#Dataset-14911	bia:Image	670412949
experimentA/Exp04/2019-08-09_10Amutants_Migration2019-08-09_10Amutants_3minFrames_XY0003.ome.zarr.log	#Dataset-14911	bia:File	621
experimentA/Exp04/2019-08-09_10Amutants_Migration2019-08-09_10Amutants_3minFrames_XY0004.ome.zarr	#Dataset-14911	bia:Image	672947522
experimentA/Exp04/2019-08-09_10Amutants_Migration2019-08-09_10Amutants_3minFrames_XY0004.ome.zarr.log	#Dataset-14911	bia:File	621
experimentA/Exp04/2019-08-09_10Amutants_Migration2019-08-09_10Amutants_3minFrames_XY0005.ome.zarr	#Dataset-14911	bia:Image	688276157
experimentA/Exp04/2019-08-09_10Amutants_Migration2019-08-09_10Amutants_3minFrames_XY0005.ome.zarr.log	#Dataset-14911	bia:File	621
experimentA/Exp04/2019-08-09_10Amutants_Migration2019-08-09_10Amutants_3minFrames_XY0006.ome.zarr	#Dataset-14911	bia:Image	689908818
experimentA/Exp04/2019-08-09_10Amutants_Migration2019-08-09_10Amutants_3minFrames_XY0006.ome.zarr.log	#Dataset-14911	bia:File	621
experimentA/Exp04/2019-08-09_10Amutants_Migration2019-08-09_10Amutants_3minFrames_XY0007.ome.zarr	#Dataset-14911	bia:Image	674235059
experimentA/Exp04/2019-08-09_10Amutants_Migration2019-08-09_10Amutants_3minFrames_XY0007.ome.zarr.log	#Dataset-14911	bia:File	621
experimentA/Exp04/2019-08-09_10Amutants_Migration2019-08-09_10Amutants_3minFrames_XY0008.ome.zarr	#Dataset-14911	bia:Image	671522140
experimentA/Exp04/2019-08-09_10Amutants_Migration2019-08-09_10Amutants_3minFrames_XY0008.ome.zarr.log	#Dataset-14911	bia:File	621
experimentA/Exp04/2019-08-09_10Amutants_Migration2019-08-09_10Amutants_3minFrames_XY0009.ome.zarr	#Dataset-14911	bia:Image	659042043
experimentA/Exp04/2019-08-09_10Amutants_Migration2019-08-09_10Amutants_3minFrames_XY0009.ome.zarr.log	#Dataset-14911	bia:File	621
experimentA/Exp04/2019-08-09_10Amutants_Migration2019-08-09_10Amutants_3minFrames_XY0010.ome.zarr	#Dataset-14911	bia:Image	694194394
experimentA/Exp04/2019-08-09_10Amutants_Migration2019-08-09_10Amutants_3minFrames_XY0010.ome.zarr.log	#Dataset-14911	bia:File	621
experimentA/Exp04/2019-08-09_10Amutants_Migration2019-08-09_10Amutants_3minFrames_XY0011.ome.zarr	#Dataset-14911	bia:Image	690498876
experimentA/Exp04/2019-08-09_10Amutants_Migration2019-08-09_10Amutants_3minFrames_XY0011.ome.zarr.log	#Dataset-14911	bia:File	621
experimentA/Exp04/2019-08-09_10Amutants_Migration2019-08-09_10Amutants_3minFrames_XY0012.ome.zarr	#Dataset-14911	bia:Image	696633918
experimentA/Exp04/2019-08-09_10Amutants_Migration2019-08-09_10Amutants_3minFrames_XY0012.ome.zarr.log	#Dataset-14911	bia:File	621
experimentA/Exp04/2019-08-09_10Amutants_Migration2019-08-09_10Amutants_3minFrames_XY0013.ome.zarr	#Dataset-14911	bia:Image	652642953
experimentA/Exp04/2019-08-09_10Amutants_Migration2019-08-09_10Amutants_3minFrames_XY0013.ome.zarr.log	#Dataset-14911	bia:File	621
experimentA/Exp04/2019-08-09_10Amutants_Migration2019-08-09_10Amutants_3minFrames_XY0014.ome.zarr	#Dataset-14911	bia:Image	673511623
experimentA/Exp04/2019-08-09_10Amutants_Migration2019-08-09_10Amutants_3minFrames_XY0014.ome.zarr.log	#Dataset-14911	bia:File	621
experimentA/Exp04/2019-08-09_10Amutants_Migration2019-08-09_10Amutants_3minFrames_XY0015.ome.zarr	#Dataset-14911	bia:Image	671437698
experimentA/Exp04/2019-08-09_10Amutants_Migration2019-08-09_10Amutants_3minFrames_XY0015.ome.zarr.log	#Dataset-14911	bia:File	621
experimentA/Exp04/2019-08-09_10Amutants_Migration2019-08-09_10Amutants_3minFrames_XY0016.ome.zarr	#Dataset-14911	bia:Image	639494495
experimentA/Exp04/2019-08-09_10Amutants_Migration2019-08-09_10Amutants_3minFrames_XY0016.ome.zarr.log	#Dataset-14911	bia:File	621
experimentA/Exp04/2019-08-09_10Amutants_postTiling2019-08-09_10Amutants_WellA1.ome.zarr	#Dataset-14911	bia:Image	240086216
experimentA/Exp04/2019-08-09_10Amutants_postTiling2019-08-09_10Amutants_WellA1.ome.zarr.log	#Dataset-14911	bia:File	571
experimentA/Exp04/2019-08-09_10Amutants_postTiling2019-08-09_10Amutants_WellA2.ome.zarr	#Dataset-14911	bia:Image	239073162
experimentA/Exp04/2019-08-09_10Amutants_postTiling2019-08-09_10Amutants_WellA2.ome.zarr.log	#Dataset-14911	bia:File	571
experimentA/Exp04/2019-08-09_10Amutants_postTiling2019-08-09_10Amutants_WellA3.ome.zarr	#Dataset-14911	bia:Image	242066833
experimentA/Exp04/2019-08-09_10Amutants_postTiling2019-08-09_10Amutants_WellA3.ome.zarr.log	#Dataset-14911	bia:File	571
experimentA/Exp04/2019-08-09_10Amutants_postTiling2019-08-09_10Amutants_WellA4.ome.zarr	#Dataset-14911	bia:Image	242254354
experimentA/Exp04/2019-08-09_10Amutants_postTiling2019-08-09_10Amutants_WellA4.ome.zarr.log	#Dataset-14911	bia:File	571
experimentA/Exp04/2019-08-09_10Amutants_postTiling2019-08-09_10Amutants_WellB1.ome.zarr	#Dataset-14911	bia:Image	241200415
experimentA/Exp04/2019-08-09_10Amutants_postTiling2019-08-09_10Amutants_WellB1.ome.zarr.log	#Dataset-14911	bia:File	571
experimentA/Exp04/2019-08-09_10Amutants_postTiling2019-08-09_10Amutants_WellB2.ome.zarr	#Dataset-14911	bia:Image	243559657
experimentA/Exp04/2019-08-09_10Amutants_postTiling2019-08-09_10Amutants_WellB2.ome.zarr.log	#Dataset-14911	bia:File	571
experimentA/Exp04/2019-08-09_10Amutants_postTiling2019-08-09_10Amutants_WellB3.ome.zarr	#Dataset-14911	bia:Image	240457831
experimentA/Exp04/2019-08-09_10Amutants_postTiling2019-08-09_10Amutants_WellB3.ome.zarr.log	#Dataset-14911	bia:File	571
experimentA/Exp04/2019-08-09_10Amutants_postTiling2019-08-09_10Amutants_WellB4.ome.zarr	#Dataset-14911	bia:Image	245003084
experimentA/Exp04/2019-08-09_10Amutants_postTiling2019-08-09_10Amutants_WellB4.ome.zarr.log	#Dataset-14911	bia:File	571
experimentA/Exp04/2019-08-09_10Amutants_preTiling2019-08-09_10Amutants_WellA1.ome.zarr	#Dataset-14911	bia:Image	239580821
experimentA/Exp04/2019-08-09_10Amutants_preTiling2019-08-09_10Amutants_WellA1.ome.zarr.log	#Dataset-14911	bia:File	569
experimentA/Exp04/2019-08-09_10Amutants_preTiling2019-08-09_10Amutants_WellA2.ome.zarr	#Dataset-14911	bia:Image	237509378
experimentA/Exp04/2019-08-09_10Amutants_preTiling2019-08-09_10Amutants_WellA2.ome.zarr.log	#Dataset-14911	bia:File	569
experimentA/Exp04/2019-08-09_10Amutants_preTiling2019-08-09_10Amutants_WellA3.ome.zarr	#Dataset-14911	bia:Image	246044863
experimentA/Exp04/2019-08-09_10Amutants_preTiling2019-08-09_10Amutants_WellA3.ome.zarr.log	#Dataset-14911	bia:File	569
experimentA/Exp04/2019-08-09_10Amutants_preTiling2019-08-09_10Amutants_WellA4.ome.zarr	#Dataset-14911	bia:Image	244187088
experimentA/Exp04/2019-08-09_10Amutants_preTiling2019-08-09_10Amutants_WellA4.ome.zarr.log	#Dataset-14911	bia:File	569
experimentA/Exp04/2019-08-09_10Amutants_preTiling2019-08-09_10Amutants_WellB1.ome.zarr	#Dataset-14911	bia:Image	240429260
experimentA/Exp04/2019-08-09_10Amutants_preTiling2019-08-09_10Amutants_WellB1.ome.zarr.log	#Dataset-14911	bia:File	569
experimentA/Exp04/2019-08-09_10Amutants_preTiling2019-08-09_10Amutants_WellB2.ome.zarr	#Dataset-14911	bia:Image	244584482
experimentA/Exp04/2019-08-09_10Amutants_preTiling2019-08-09_10Amutants_WellB2.ome.zarr.log	#Dataset-14911	bia:File	569
experimentA/Exp04/2019-08-09_10Amutants_preTiling2019-08-09_10Amutants_WellB3.ome.zarr	#Dataset-14911	bia:Image	242936218
experimentA/Exp04/2019-08-09_10Amutants_preTiling2019-08-09_10Amutants_WellB3.ome.zarr.log	#Dataset-14911	bia:File	569
experimentA/Exp04/2019-08-09_10Amutants_preTiling2019-08-09_10Amutants_WellB4.ome.zarr	#Dataset-14911	bia:Image	244712635
experimentA/Exp04/2019-08-09_10Amutants_preTiling2019-08-09_10Amutants_WellB4.ome.zarr.log	#Dataset-14911	bia:File	569
experimentA/Exp05/2019-08-10_10Amutants_Migration2019-08-10_10Amutants_3minFrames_XY0001.ome.zarr	#Dataset-14912	bia:Image	628442193
experimentA/Exp05/2019-08-10_10Amutants_Migration2019-08-10_10Amutants_3minFrames_XY0001.ome.zarr.log	#Dataset-14912	bia:File	621
experimentA/Exp05/2019-08-10_10Amutants_Migration2019-08-10_10Amutants_3minFrames_XY0002.ome.zarr	#Dataset-14912	bia:Image	614961285
experimentA/Exp05/2019-08-10_10Amutants_Migration2019-08-10_10Amutants_3minFrames_XY0002.ome.zarr.log	#Dataset-14912	bia:File	621
experimentA/Exp05/2019-08-10_10Amutants_Migration2019-08-10_10Amutants_3minFrames_XY0003.ome.zarr	#Dataset-14912	bia:Image	630776460
experimentA/Exp05/2019-08-10_10Amutants_Migration2019-08-10_10Amutants_3minFrames_XY0003.ome.zarr.log	#Dataset-14912	bia:File	621
experimentA/Exp05/2019-08-10_10Amutants_Migration2019-08-10_10Amutants_3minFrames_XY0004.ome.zarr	#Dataset-14912	bia:Image	626053046
experimentA/Exp05/2019-08-10_10Amutants_Migration2019-08-10_10Amutants_3minFrames_XY0004.ome.zarr.log	#Dataset-14912	bia:File	621
experimentA/Exp05/2019-08-10_10Amutants_Migration2019-08-10_10Amutants_3minFrames_XY0005.ome.zarr	#Dataset-14912	bia:Image	634637319
experimentA/Exp05/2019-08-10_10Amutants_Migration2019-08-10_10Amutants_3minFrames_XY0005.ome.zarr.log	#Dataset-14912	bia:File	621
experimentA/Exp05/2019-08-10_10Amutants_Migration2019-08-10_10Amutants_3minFrames_XY0006.ome.zarr	#Dataset-14912	bia:Image	631084643
experimentA/Exp05/2019-08-10_10Amutants_Migration2019-08-10_10Amutants_3minFrames_XY0006.ome.zarr.log	#Dataset-14912	bia:File	621
experimentA/Exp05/2019-08-10_10Amutants_Migration2019-08-10_10Amutants_3minFrames_XY0007.ome.zarr	#Dataset-14912	bia:Image	632551374
experimentA/Exp05/2019-08-10_10Amutants_Migration2019-08-10_10Amutants_3minFrames_XY0007.ome.zarr.log	#Dataset-14912	bia:File	621
experimentA/Exp05/2019-08-10_10Amutants_Migration2019-08-10_10Amutants_3minFrames_XY0008.ome.zarr	#Dataset-14912	bia:Image	639824422
experimentA/Exp05/2019-08-10_10Amutants_Migration2019-08-10_10Amutants_3minFrames_XY0008.ome.zarr.log	#Dataset-14912	bia:File	621
experimentA/Exp05/2019-08-10_10Amutants_Migration2019-08-10_10Amutants_3minFrames_XY0009.ome.zarr	#Dataset-14912	bia:Image	625957347
experimentA/Exp05/2019-08-10_10Amutants_Migration2019-08-10_10Amutants_3minFrames_XY0009.ome.zarr.log	#Dataset-14912	bia:File	621
experimentA/Exp05/2019-08-10_10Amutants_Migration2019-08-10_10Amutants_3minFrames_XY0010.ome.zarr	#Dataset-14912	bia:Image	635503724
experimentA/Exp05/2019-08-10_10Amutants_Migration2019-08-10_10Amutants_3minFrames_XY0010.ome.zarr.log	#Dataset-14912	bia:File	621
experimentA/Exp05/2019-08-10_10Amutants_Migration2019-08-10_10Amutants_3minFrames_XY0011.ome.zarr	#Dataset-14912	bia:Image	638499590
experimentA/Exp05/2019-08-10_10Amutants_Migration2019-08-10_10Amutants_3minFrames_XY0011.ome.zarr.log	#Dataset-14912	bia:File	621
experimentA/Exp05/2019-08-10_10Amutants_Migration2019-08-10_10Amutants_3minFrames_XY0012.ome.zarr	#Dataset-14912	bia:Image	614358891
experimentA/Exp05/2019-08-10_10Amutants_Migration2019-08-10_10Amutants_3minFrames_XY0012.ome.zarr.log	#Dataset-14912	bia:File	621
experimentA/Exp05/2019-08-10_10Amutants_Migration2019-08-10_10Amutants_3minFrames_XY0013.ome.zarr	#Dataset-14912	bia:Image	621313571
experimentA/Exp05/2019-08-10_10Amutants_Migration2019-08-10_10Amutants_3minFrames_XY0013.ome.zarr.log	#Dataset-14912	bia:File	621
experimentA/Exp05/2019-08-10_10Amutants_Migration2019-08-10_10Amutants_3minFrames_XY0014.ome.zarr	#Dataset-14912	bia:Image	618034962
experimentA/Exp05/2019-08-10_10Amutants_Migration2019-08-10_10Amutants_3minFrames_XY0014.ome.zarr.log	#Dataset-14912	bia:File	621
experimentA/Exp05/2019-08-10_10Amutants_Migration2019-08-10_10Amutants_3minFrames_XY0015.ome.zarr	#Dataset-14912	bia:Image	634889109
experimentA/Exp05/2019-08-10_10Amutants_Migration2019-08-10_10Amutants_3minFrames_XY0015.ome.zarr.log	#Dataset-14912	bia:File	621
experimentA/Exp05/2019-08-10_10Amutants_Migration2019-08-10_10Amutants_3minFrames_XY0016.ome.zarr	#Dataset-14912	bia:Image	617244345
experimentA/Exp05/2019-08-10_10Amutants_Migration2019-08-10_10Amutants_3minFrames_XY0016.ome.zarr.log	#Dataset-14912	bia:File	621
experimentA/Exp05/2019-08-10_10Amutants_postTiling2019-08-10_10Amutants_WellA1.ome.zarr	#Dataset-14912	bia:Image	241173851
experimentA/Exp05/2019-08-10_10Amutants_postTiling2019-08-10_10Amutants_WellA1.ome.zarr.log	#Dataset-14912	bia:File	571
experimentA/Exp05/2019-08-10_10Amutants_postTiling2019-08-10_10Amutants_WellA2.ome.zarr	#Dataset-14912	bia:Image	242028695
experimentA/Exp05/2019-08-10_10Amutants_postTiling2019-08-10_10Amutants_WellA2.ome.zarr.log	#Dataset-14912	bia:File	571
experimentA/Exp05/2019-08-10_10Amutants_postTiling2019-08-10_10Amutants_WellA3 2.ome.zarr	#Dataset-14912	bia:Image	244570835
experimentA/Exp05/2019-08-10_10Amutants_postTiling2019-08-10_10Amutants_WellA3 2.ome.zarr.log	#Dataset-14912	bia:File	577
experimentA/Exp05/2019-08-10_10Amutants_postTiling2019-08-10_10Amutants_WellA4.ome.zarr	#Dataset-14912	bia:Image	237838572
experimentA/Exp05/2019-08-10_10Amutants_postTiling2019-08-10_10Amutants_WellA4.ome.zarr.log	#Dataset-14912	bia:File	571
experimentA/Exp05/2019-08-10_10Amutants_postTiling2019-08-10_10Amutants_WellB1.ome.zarr	#Dataset-14912	bia:Image	243430366
experimentA/Exp05/2019-08-10_10Amutants_postTiling2019-08-10_10Amutants_WellB1.ome.zarr.log	#Dataset-14912	bia:File	571
experimentA/Exp05/2019-08-10_10Amutants_postTiling2019-08-10_10Amutants_WellB2.ome.zarr	#Dataset-14912	bia:Image	243859105
experimentA/Exp05/2019-08-10_10Amutants_postTiling2019-08-10_10Amutants_WellB2.ome.zarr.log	#Dataset-14912	bia:File	571
experimentA/Exp05/2019-08-10_10Amutants_postTiling2019-08-10_10Amutants_WellB3.ome.zarr	#Dataset-14912	bia:Image	243527620
experimentA/Exp05/2019-08-10_10Amutants_postTiling2019-08-10_10Amutants_WellB3.ome.zarr.log	#Dataset-14912	bia:File	571
experimentA/Exp05/2019-08-10_10Amutants_postTiling2019-08-10_10Amutants_WellB4.ome.zarr	#Dataset-14912	bia:Image	239613513
experimentA/Exp05/2019-08-10_10Amutants_postTiling2019-08-10_10Amutants_WellB4.ome.zarr.log	#Dataset-14912	bia:File	571
experimentA/Exp05/2019-08-10_10Amutants_preTiling2019-08-10_10Amutants_WellA1.ome.zarr	#Dataset-14912	bia:Image	238827071
experimentA/Exp05/2019-08-10_10Amutants_preTiling2019-08-10_10Amutants_WellA1.ome.zarr.log	#Dataset-14912	bia:File	569
experimentA/Exp05/2019-08-10_10Amutants_preTiling2019-08-10_10Amutants_WellA2.ome.zarr	#Dataset-14912	bia:Image	243929177
experimentA/Exp05/2019-08-10_10Amutants_preTiling2019-08-10_10Amutants_WellA2.ome.zarr.log	#Dataset-14912	bia:File	569
experimentA/Exp05/2019-08-10_10Amutants_preTiling2019-08-10_10Amutants_WellA3.ome.zarr	#Dataset-14912	bia:Image	242705454
experimentA/Exp05/2019-08-10_10Amutants_preTiling2019-08-10_10Amutants_WellA3.ome.zarr.log	#Dataset-14912	bia:File	569
experimentA/Exp05/2019-08-10_10Amutants_preTiling2019-08-10_10Amutants_WellA4.ome.zarr	#Dataset-14912	bia:Image	239642943
experimentA/Exp05/2019-08-10_10Amutants_preTiling2019-08-10_10Amutants_WellA4.ome.zarr.log	#Dataset-14912	bia:File	569
experimentA/Exp05/2019-08-10_10Amutants_preTiling2019-08-10_10Amutants_WellB1.ome.zarr	#Dataset-14912	bia:Image	245047081
experimentA/Exp05/2019-08-10_10Amutants_preTiling2019-08-10_10Amutants_WellB1.ome.zarr.log	#Dataset-14912	bia:File	569
experimentA/Exp05/2019-08-10_10Amutants_preTiling2019-08-10_10Amutants_WellB2.ome.zarr	#Dataset-14912	bia:Image	240746134
experimentA/Exp05/2019-08-10_10Amutants_preTiling2019-08-10_10Amutants_WellB2.ome.zarr.log	#Dataset-14912	bia:File	569
experimentA/Exp05/2019-08-10_10Amutants_preTiling2019-08-10_10Amutants_WellB3.ome.zarr	#Dataset-14912	bia:Image	242295536
experimentA/Exp05/2019-08-10_10Amutants_preTiling2019-08-10_10Amutants_WellB3.ome.zarr.log	#Dataset-14912	bia:File	569
experimentA/Exp05/2019-08-10_10Amutants_preTiling2019-08-10_10Amutants_WellB4.ome.zarr	#Dataset-14912	bia:Image	232443177
experimentA/Exp05/2019-08-10_10Amutants_preTiling2019-08-10_10Amutants_WellB4.ome.zarr.log	#Dataset-14912	bia:File	569
experimentA/Exp06/2019-08-13_10Amutants_Migration2019-08-13_10Amutants_3minFrames_XY0001.ome.zarr	#Dataset-14913	bia:Image	676988858
experimentA/Exp06/2019-08-13_10Amutants_Migration2019-08-13_10Amutants_3minFrames_XY0001.ome.zarr.log	#Dataset-14913	bia:File	621
experimentA/Exp06/2019-08-13_10Amutants_Migration2019-08-13_10Amutants_3minFrames_XY0002.ome.zarr	#Dataset-14913	bia:Image	673773845
experimentA/Exp06/2019-08-13_10Amutants_Migration2019-08-13_10Amutants_3minFrames_XY0002.ome.zarr.log	#Dataset-14913	bia:File	621
experimentA/Exp06/2019-08-13_10Amutants_Migration2019-08-13_10Amutants_3minFrames_XY0003.ome.zarr	#Dataset-14913	bia:Image	671794834
experimentA/Exp06/2019-08-13_10Amutants_Migration2019-08-13_10Amutants_3minFrames_XY0003.ome.zarr.log	#Dataset-14913	bia:File	621
experimentA/Exp06/2019-08-13_10Amutants_Migration2019-08-13_10Amutants_3minFrames_XY0004.ome.zarr	#Dataset-14913	bia:Image	671006773
experimentA/Exp06/2019-08-13_10Amutants_Migration2019-08-13_10Amutants_3minFrames_XY0004.ome.zarr.log	#Dataset-14913	bia:File	621
experimentA/Exp06/2019-08-13_10Amutants_Migration2019-08-13_10Amutants_3minFrames_XY0005.ome.zarr	#Dataset-14913	bia:Image	678337861
experimentA/Exp06/2019-08-13_10Amutants_Migration2019-08-13_10Amutants_3minFrames_XY0005.ome.zarr.log	#Dataset-14913	bia:File	621
experimentA/Exp06/2019-08-13_10Amutants_Migration2019-08-13_10Amutants_3minFrames_XY0006.ome.zarr	#Dataset-14913	bia:Image	680039740
experimentA/Exp06/2019-08-13_10Amutants_Migration2019-08-13_10Amutants_3minFrames_XY0006.ome.zarr.log	#Dataset-14913	bia:File	621
experimentA/Exp06/2019-08-13_10Amutants_Migration2019-08-13_10Amutants_3minFrames_XY0007.ome.zarr	#Dataset-14913	bia:Image	687057797
experimentA/Exp06/2019-08-13_10Amutants_Migration2019-08-13_10Amutants_3minFrames_XY0007.ome.zarr.log	#Dataset-14913	bia:File	621
experimentA/Exp06/2019-08-13_10Amutants_Migration2019-08-13_10Amutants_3minFrames_XY0008.ome.zarr	#Dataset-14913	bia:Image	684926831
experimentA/Exp06/2019-08-13_10Amutants_Migration2019-08-13_10Amutants_3minFrames_XY0008.ome.zarr.log	#Dataset-14913	bia:File	621
experimentA/Exp06/2019-08-13_10Amutants_Migration2019-08-13_10Amutants_3minFrames_XY0009.ome.zarr	#Dataset-14913	bia:Image	670288202
experimentA/Exp06/2019-08-13_10Amutants_Migration2019-08-13_10Amutants_3minFrames_XY0009.ome.zarr.log	#Dataset-14913	bia:File	621
experimentA/Exp06/2019-08-13_10Amutants_Migration2019-08-13_10Amutants_3minFrames_XY0010.ome.zarr	#Dataset-14913	bia:Image	685185832
experimentA/Exp06/2019-08-13_10Amutants_Migration2019-08-13_10Amutants_3minFrames_XY0010.ome.zarr.log	#Dataset-14913	bia:File	621
experimentA/Exp06/2019-08-13_10Amutants_Migration2019-08-13_10Amutants_3minFrames_XY0011.ome.zarr	#Dataset-14913	bia:Image	674641901
experimentA/Exp06/2019-08-13_10Amutants_Migration2019-08-13_10Amutants_3minFrames_XY0011.ome.zarr.log	#Dataset-14913	bia:File	621
experimentA/Exp06/2019-08-13_10Amutants_Migration2019-08-13_10Amutants_3minFrames_XY0012.ome.zarr	#Dataset-14913	bia:Image	676482765
experimentA/Exp06/2019-08-13_10Amutants_Migration2019-08-13_10Amutants_3minFrames_XY0012.ome.zarr.log	#Dataset-14913	bia:File	621
experimentA/Exp06/2019-08-13_10Amutants_Migration2019-08-13_10Amutants_3minFrames_XY0013.ome.zarr	#Dataset-14913	bia:Image	669477004
experimentA/Exp06/2019-08-13_10Amutants_Migration2019-08-13_10Amutants_3minFrames_XY0013.ome.zarr.log	#Dataset-14913	bia:File	621
experimentA/Exp06/2019-08-13_10Amutants_Migration2019-08-13_10Amutants_3minFrames_XY0014.ome.zarr	#Dataset-14913	bia:Image	670408449
experimentA/Exp06/2019-08-13_10Amutants_Migration2019-08-13_10Amutants_3minFrames_XY0014.ome.zarr.log	#Dataset-14913	bia:File	621
experimentA/Exp06/2019-08-13_10Amutants_Migration2019-08-13_10Amutants_3minFrames_XY0015.ome.zarr	#Dataset-14913	bia:Image	676609252
experimentA/Exp06/2019-08-13_10Amutants_Migration2019-08-13_10Amutants_3minFrames_XY0015.ome.zarr.log	#Dataset-14913	bia:File	621
experimentA/Exp06/2019-08-13_10Amutants_Migration2019-08-13_10Amutants_3minFrames_XY0016.ome.zarr	#Dataset-14913	bia:Image	678408924
experimentA/Exp06/2019-08-13_10Amutants_Migration2019-08-13_10Amutants_3minFrames_XY0016.ome.zarr.log	#Dataset-14913	bia:File	621
experimentA/Exp06/2019-08-13_10Amutants_postTiling2019-08-13_10Amutants_WellA1.ome.zarr	#Dataset-14913	bia:Image	238827848
experimentA/Exp06/2019-08-13_10Amutants_postTiling2019-08-13_10Amutants_WellA1.ome.zarr.log	#Dataset-14913	bia:File	571
experimentA/Exp06/2019-08-13_10Amutants_postTiling2019-08-13_10Amutants_WellA2.ome.zarr	#Dataset-14913	bia:Image	235695799
experimentA/Exp06/2019-08-13_10Amutants_postTiling2019-08-13_10Amutants_WellA2.ome.zarr.log	#Dataset-14913	bia:File	571
experimentA/Exp06/2019-08-13_10Amutants_postTiling2019-08-13_10Amutants_WellA3.ome.zarr	#Dataset-14913	bia:Image	232523106
experimentA/Exp06/2019-08-13_10Amutants_postTiling2019-08-13_10Amutants_WellA3.ome.zarr.log	#Dataset-14913	bia:File	571
experimentA/Exp06/2019-08-13_10Amutants_postTiling2019-08-13_10Amutants_WellA4.ome.zarr	#Dataset-14913	bia:Image	241223087
experimentA/Exp06/2019-08-13_10Amutants_postTiling2019-08-13_10Amutants_WellA4.ome.zarr.log	#Dataset-14913	bia:File	571
experimentA/Exp06/2019-08-13_10Amutants_postTiling2019-08-13_10Amutants_WellB1.ome.zarr	#Dataset-14913	bia:Image	236270381
experimentA/Exp06/2019-08-13_10Amutants_postTiling2019-08-13_10Amutants_WellB1.ome.zarr.log	#Dataset-14913	bia:File	571
experimentA/Exp06/2019-08-13_10Amutants_postTiling2019-08-13_10Amutants_WellB2.ome.zarr	#Dataset-14913	bia:Image	232057921
experimentA/Exp06/2019-08-13_10Amutants_postTiling2019-08-13_10Amutants_WellB2.ome.zarr.log	#Dataset-14913	bia:File	571
experimentA/Exp06/2019-08-13_10Amutants_postTiling2019-08-13_10Amutants_WellB3.ome.zarr	#Dataset-14913	bia:Image	234081517
experimentA/Exp06/2019-08-13_10Amutants_postTiling2019-08-13_10Amutants_WellB3.ome.zarr.log	#Dataset-14913	bia:File	571
experimentA/Exp06/2019-08-13_10Amutants_postTiling2019-08-13_10Amutants_WellB4.ome.zarr	#Dataset-14913	bia:Image	234062793
experimentA/Exp06/2019-08-13_10Amutants_postTiling2019-08-13_10Amutants_WellB4.ome.zarr.log	#Dataset-14913	bia:File	571
experimentA/Exp06/2019-08-13_10Amutants_preTiling2019-08-13_10Amutants_WellA1.ome.zarr	#Dataset-14913	bia:Image	238970838
experimentA/Exp06/2019-08-13_10Amutants_preTiling2019-08-13_10Amutants_WellA1.ome.zarr.log	#Dataset-14913	bia:File	569
experimentA/Exp06/2019-08-13_10Amutants_preTiling2019-08-13_10Amutants_WellA2 2.ome.zarr	#Dataset-14913	bia:Image	235142723
experimentA/Exp06/2019-08-13_10Amutants_preTiling2019-08-13_10Amutants_WellA2 2.ome.zarr.log	#Dataset-14913	bia:File	575
experimentA/Exp06/2019-08-13_10Amutants_preTiling2019-08-13_10Amutants_WellA3.ome.zarr	#Dataset-14913	bia:Image	233239488
experimentA/Exp06/2019-08-13_10Amutants_preTiling2019-08-13_10Amutants_WellA3.ome.zarr.log	#Dataset-14913	bia:File	569
experimentA/Exp06/2019-08-13_10Amutants_preTiling2019-08-13_10Amutants_WellA4.ome.zarr	#Dataset-14913	bia:Image	243466031
experimentA/Exp06/2019-08-13_10Amutants_preTiling2019-08-13_10Amutants_WellA4.ome.zarr.log	#Dataset-14913	bia:File	569
experimentA/Exp06/2019-08-13_10Amutants_preTiling2019-08-13_10Amutants_WellB1.ome.zarr	#Dataset-14913	bia:Image	236480604
experimentA/Exp06/2019-08-13_10Amutants_preTiling2019-08-13_10Amutants_WellB1.ome.zarr.log	#Dataset-14913	bia:File	569
experimentA/Exp06/2019-08-13_10Amutants_preTiling2019-08-13_10Amutants_WellB2.ome.zarr	#Dataset-14913	bia:Image	231167298
experimentA/Exp06/2019-08-13_10Amutants_preTiling2019-08-13_10Amutants_WellB2.ome.zarr.log	#Dataset-14913	bia:File	569
experimentA/Exp06/2019-08-13_10Amutants_preTiling2019-08-13_10Amutants_WellB3.ome.zarr	#Dataset-14913	bia:Image	234500460
experimentA/Exp06/2019-08-13_10Amutants_preTiling2019-08-13_10Amutants_WellB3.ome.zarr.log	#Dataset-14913	bia:File	569
experimentA/Exp06/2019-08-13_10Amutants_preTiling2019-08-13_10Amutants_WellB4.ome.zarr	#Dataset-14913	bia:Image	231058247
experimentA/Exp06/2019-08-13_10Amutants_preTiling2019-08-13_10Amutants_WellB4.ome.zarr.log	#Dataset-14913	bia:File	569
experimentA/Exp07/2019-08-14_10Amutants_Migration2019-08-14_10Amutants_3minFrames_XY0001.ome.zarr	#Dataset-14914	bia:Image	687758623
experimentA/Exp07/2019-08-14_10Amutants_Migration2019-08-14_10Amutants_3minFrames_XY0001.ome.zarr.log	#Dataset-14914	bia:File	621
experimentA/Exp07/2019-08-14_10Amutants_Migration2019-08-14_10Amutants_3minFrames_XY0002.ome.zarr	#Dataset-14914	bia:Image	690627458
experimentA/Exp07/2019-08-14_10Amutants_Migration2019-08-14_10Amutants_3minFrames_XY0002.ome.zarr.log	#Dataset-14914	bia:File	621
experimentA/Exp07/2019-08-14_10Amutants_Migration2019-08-14_10Amutants_3minFrames_XY0003.ome.zarr	#Dataset-14914	bia:Image	674731335
experimentA/Exp07/2019-08-14_10Amutants_Migration2019-08-14_10Amutants_3minFrames_XY0003.ome.zarr.log	#Dataset-14914	bia:File	621
experimentA/Exp07/2019-08-14_10Amutants_Migration2019-08-14_10Amutants_3minFrames_XY0004.ome.zarr	#Dataset-14914	bia:Image	666524151
experimentA/Exp07/2019-08-14_10Amutants_Migration2019-08-14_10Amutants_3minFrames_XY0004.ome.zarr.log	#Dataset-14914	bia:File	621
experimentA/Exp07/2019-08-14_10Amutants_Migration2019-08-14_10Amutants_3minFrames_XY0005.ome.zarr	#Dataset-14914	bia:Image	674992972
experimentA/Exp07/2019-08-14_10Amutants_Migration2019-08-14_10Amutants_3minFrames_XY0005.ome.zarr.log	#Dataset-14914	bia:File	621
experimentA/Exp07/2019-08-14_10Amutants_Migration2019-08-14_10Amutants_3minFrames_XY0006.ome.zarr	#Dataset-14914	bia:Image	686802759
experimentA/Exp07/2019-08-14_10Amutants_Migration2019-08-14_10Amutants_3minFrames_XY0006.ome.zarr.log	#Dataset-14914	bia:File	621
experimentA/Exp07/2019-08-14_10Amutants_Migration2019-08-14_10Amutants_3minFrames_XY0007.ome.zarr	#Dataset-14914	bia:Image	702087061
experimentA/Exp07/2019-08-14_10Amutants_Migration2019-08-14_10Amutants_3minFrames_XY0007.ome.zarr.log	#Dataset-14914	bia:File	621
experimentA/Exp07/2019-08-14_10Amutants_Migration2019-08-14_10Amutants_3minFrames_XY0008.ome.zarr	#Dataset-14914	bia:Image	674395729
experimentA/Exp07/2019-08-14_10Amutants_Migration2019-08-14_10Amutants_3minFrames_XY0008.ome.zarr.log	#Dataset-14914	bia:File	621
experimentA/Exp07/2019-08-14_10Amutants_Migration2019-08-14_10Amutants_3minFrames_XY0009.ome.zarr	#Dataset-14914	bia:Image	679619558
experimentA/Exp07/2019-08-14_10Amutants_Migration2019-08-14_10Amutants_3minFrames_XY0009.ome.zarr.log	#Dataset-14914	bia:File	621
experimentA/Exp07/2019-08-14_10Amutants_Migration2019-08-14_10Amutants_3minFrames_XY0010.ome.zarr	#Dataset-14914	bia:Image	677992919
experimentA/Exp07/2019-08-14_10Amutants_Migration2019-08-14_10Amutants_3minFrames_XY0010.ome.zarr.log	#Dataset-14914	bia:File	621
experimentA/Exp07/2019-08-14_10Amutants_Migration2019-08-14_10Amutants_3minFrames_XY0011.ome.zarr	#Dataset-14914	bia:Image	673333551
experimentA/Exp07/2019-08-14_10Amutants_Migration2019-08-14_10Amutants_3minFrames_XY0011.ome.zarr.log	#Dataset-14914	bia:File	621
experimentA/Exp07/2019-08-14_10Amutants_Migration2019-08-14_10Amutants_3minFrames_XY0012.ome.zarr	#Dataset-14914	bia:Image	669402407
experimentA/Exp07/2019-08-14_10Amutants_Migration2019-08-14_10Amutants_3minFrames_XY0012.ome.zarr.log	#Dataset-14914	bia:File	621
experimentA/Exp07/2019-08-14_10Amutants_Migration2019-08-14_10Amutants_3minFrames_XY0013.ome.zarr	#Dataset-14914	bia:Image	657380807
experimentA/Exp07/2019-08-14_10Amutants_Migration2019-08-14_10Amutants_3minFrames_XY0013.ome.zarr.log	#Dataset-14914	bia:File	621
experimentA/Exp07/2019-08-14_10Amutants_Migration2019-08-14_10Amutants_3minFrames_XY0014.ome.zarr	#Dataset-14914	bia:Image	670445204
experimentA/Exp07/2019-08-14_10Amutants_Migration2019-08-14_10Amutants_3minFrames_XY0014.ome.zarr.log	#Dataset-14914	bia:File	621
experimentA/Exp07/2019-08-14_10Amutants_Migration2019-08-14_10Amutants_3minFrames_XY0015.ome.zarr	#Dataset-14914	bia:Image	682813295
experimentA/Exp07/2019-08-14_10Amutants_Migration2019-08-14_10Amutants_3minFrames_XY0015.ome.zarr.log	#Dataset-14914	bia:File	621
experimentA/Exp07/2019-08-14_10Amutants_Migration2019-08-14_10Amutants_3minFrames_XY0016.ome.zarr	#Dataset-14914	bia:Image	662615058
experimentA/Exp07/2019-08-14_10Amutants_Migration2019-08-14_10Amutants_3minFrames_XY0016.ome.zarr.log	#Dataset-14914	bia:File	621
experimentA/Exp07/2019-08-14_10Amutants_PostTiling2019-08-14_10Amutants_WellA1.ome.zarr	#Dataset-14914	bia:Image	243296064
experimentA/Exp07/2019-08-14_10Amutants_PostTiling2019-08-14_10Amutants_WellA1.ome.zarr.log	#Dataset-14914	bia:File	571
experimentA/Exp07/2019-08-14_10Amutants_PostTiling2019-08-14_10Amutants_WellA2.ome.zarr	#Dataset-14914	bia:Image	240758765
experimentA/Exp07/2019-08-14_10Amutants_PostTiling2019-08-14_10Amutants_WellA2.ome.zarr.log	#Dataset-14914	bia:File	571
experimentA/Exp07/2019-08-14_10Amutants_PostTiling2019-08-14_10Amutants_WellA3.ome.zarr	#Dataset-14914	bia:Image	235015019
experimentA/Exp07/2019-08-14_10Amutants_PostTiling2019-08-14_10Amutants_WellA3.ome.zarr.log	#Dataset-14914	bia:File	571
experimentA/Exp07/2019-08-14_10Amutants_PostTiling2019-08-14_10Amutants_WellA4.ome.zarr	#Dataset-14914	bia:Image	236170458
experimentA/Exp07/2019-08-14_10Amutants_PostTiling2019-08-14_10Amutants_WellA4.ome.zarr.log	#Dataset-14914	bia:File	571
experimentA/Exp07/2019-08-14_10Amutants_PostTiling2019-08-14_10Amutants_WellB1.ome.zarr	#Dataset-14914	bia:Image	238376404
experimentA/Exp07/2019-08-14_10Amutants_PostTiling2019-08-14_10Amutants_WellB1.ome.zarr.log	#Dataset-14914	bia:File	571
experimentA/Exp07/2019-08-14_10Amutants_PostTiling2019-08-14_10Amutants_WellB2.ome.zarr	#Dataset-14914	bia:Image	242388534
experimentA/Exp07/2019-08-14_10Amutants_PostTiling2019-08-14_10Amutants_WellB2.ome.zarr.log	#Dataset-14914	bia:File	571
experimentA/Exp07/2019-08-14_10Amutants_PostTiling2019-08-14_10Amutants_WellB3.ome.zarr	#Dataset-14914	bia:Image	235270482
experimentA/Exp07/2019-08-14_10Amutants_PostTiling2019-08-14_10Amutants_WellB3.ome.zarr.log	#Dataset-14914	bia:File	571
experimentA/Exp07/2019-08-14_10Amutants_PostTiling2019-08-14_10Amutants_WellB4.ome.zarr	#Dataset-14914	bia:Image	232597819
experimentA/Exp07/2019-08-14_10Amutants_PostTiling2019-08-14_10Amutants_WellB4.ome.zarr.log	#Dataset-14914	bia:File	571
experimentA/Exp07/2019-08-14_10Amutants_PreTiling2019-08-14_10Amutants_WellA1.ome.zarr	#Dataset-14914	bia:Image	242460778
experimentA/Exp07/2019-08-14_10Amutants_PreTiling2019-08-14_10Amutants_WellA1.ome.zarr.log	#Dataset-14914	bia:File	569
experimentA/Exp07/2019-08-14_10Amutants_PreTiling2019-08-14_10Amutants_WellA2.ome.zarr	#Dataset-14914	bia:Image	234394639
experimentA/Exp07/2019-08-14_10Amutants_PreTiling2019-08-14_10Amutants_WellA2.ome.zarr.log	#Dataset-14914	bia:File	569
experimentA/Exp07/2019-08-14_10Amutants_PreTiling2019-08-14_10Amutants_WellA3.ome.zarr	#Dataset-14914	bia:Image	237153208
experimentA/Exp07/2019-08-14_10Amutants_PreTiling2019-08-14_10Amutants_WellA3.ome.zarr.log	#Dataset-14914	bia:File	569
experimentA/Exp07/2019-08-14_10Amutants_PreTiling2019-08-14_10Amutants_WellA4.ome.zarr	#Dataset-14914	bia:Image	239459820
experimentA/Exp07/2019-08-14_10Amutants_PreTiling2019-08-14_10Amutants_WellA4.ome.zarr.log	#Dataset-14914	bia:File	569
experimentA/Exp07/2019-08-14_10Amutants_PreTiling2019-08-14_10Amutants_WellB1.ome.zarr	#Dataset-14914	bia:Image	234966826
experimentA/Exp07/2019-08-14_10Amutants_PreTiling2019-08-14_10Amutants_WellB1.ome.zarr.log	#Dataset-14914	bia:File	569
experimentA/Exp07/2019-08-14_10Amutants_PreTiling2019-08-14_10Amutants_WellB2.ome.zarr	#Dataset-14914	bia:Image	240369927
experimentA/Exp07/2019-08-14_10Amutants_PreTiling2019-08-14_10Amutants_WellB2.ome.zarr.log	#Dataset-14914	bia:File	569
experimentA/Exp07/2019-08-14_10Amutants_PreTiling2019-08-14_10Amutants_WellB3.ome.zarr	#Dataset-14914	bia:Image	234980367
experimentA/Exp07/2019-08-14_10Amutants_PreTiling2019-08-14_10Amutants_WellB3.ome.zarr.log	#Dataset-14914	bia:File	569
experimentA/Exp07/2019-08-14_10Amutants_PreTiling2019-08-14_10Amutants_WellB4.ome.zarr	#Dataset-14914	bia:Image	233394756
experimentA/Exp07/2019-08-14_10Amutants_PreTiling2019-08-14_10Amutants_WellB4.ome.zarr.log	#Dataset-14914	bia:File	569
experimentA/Exp08/2019-08-15_10Amutants_Migration2019-08-15_10Amutants_3minFrames_XY0001.ome.zarr	#Dataset-14915	bia:Image	641829252
experimentA/Exp08/2019-08-15_10Amutants_Migration2019-08-15_10Amutants_3minFrames_XY0001.ome.zarr.log	#Dataset-14915	bia:File	621
experimentA/Exp08/2019-08-15_10Amutants_Migration2019-08-15_10Amutants_3minFrames_XY0002.ome.zarr	#Dataset-14915	bia:Image	621460886
experimentA/Exp08/2019-08-15_10Amutants_Migration2019-08-15_10Amutants_3minFrames_XY0002.ome.zarr.log	#Dataset-14915	bia:File	621
experimentA/Exp08/2019-08-15_10Amutants_Migration2019-08-15_10Amutants_3minFrames_XY0003.ome.zarr	#Dataset-14915	bia:Image	626585944
experimentA/Exp08/2019-08-15_10Amutants_Migration2019-08-15_10Amutants_3minFrames_XY0003.ome.zarr.log	#Dataset-14915	bia:File	621
experimentA/Exp08/2019-08-15_10Amutants_Migration2019-08-15_10Amutants_3minFrames_XY0004.ome.zarr	#Dataset-14915	bia:Image	633906224
experimentA/Exp08/2019-08-15_10Amutants_Migration2019-08-15_10Amutants_3minFrames_XY0004.ome.zarr.log	#Dataset-14915	bia:File	621
experimentA/Exp08/2019-08-15_10Amutants_Migration2019-08-15_10Amutants_3minFrames_XY0005.ome.zarr	#Dataset-14915	bia:Image	636584692
experimentA/Exp08/2019-08-15_10Amutants_Migration2019-08-15_10Amutants_3minFrames_XY0005.ome.zarr.log	#Dataset-14915	bia:File	621
experimentA/Exp08/2019-08-15_10Amutants_Migration2019-08-15_10Amutants_3minFrames_XY0006.ome.zarr	#Dataset-14915	bia:Image	619895933
experimentA/Exp08/2019-08-15_10Amutants_Migration2019-08-15_10Amutants_3minFrames_XY0006.ome.zarr.log	#Dataset-14915	bia:File	621
experimentA/Exp08/2019-08-15_10Amutants_Migration2019-08-15_10Amutants_3minFrames_XY0007.ome.zarr	#Dataset-14915	bia:Image	632256804
experimentA/Exp08/2019-08-15_10Amutants_Migration2019-08-15_10Amutants_3minFrames_XY0007.ome.zarr.log	#Dataset-14915	bia:File	621
experimentA/Exp08/2019-08-15_10Amutants_Migration2019-08-15_10Amutants_3minFrames_XY0008.ome.zarr	#Dataset-14915	bia:Image	618592909
experimentA/Exp08/2019-08-15_10Amutants_Migration2019-08-15_10Amutants_3minFrames_XY0008.ome.zarr.log	#Dataset-14915	bia:File	621
experimentA/Exp08/2019-08-15_10Amutants_Migration2019-08-15_10Amutants_3minFrames_XY0009.ome.zarr	#Dataset-14915	bia:Image	623793720
experimentA/Exp08/2019-08-15_10Amutants_Migration2019-08-15_10Amutants_3minFrames_XY0009.ome.zarr.log	#Dataset-14915	bia:File	621
experimentA/Exp08/2019-08-15_10Amutants_Migration2019-08-15_10Amutants_3minFrames_XY0010.ome.zarr	#Dataset-14915	bia:Image	619463995
experimentA/Exp08/2019-08-15_10Amutants_Migration2019-08-15_10Amutants_3minFrames_XY0010.ome.zarr.log	#Dataset-14915	bia:File	621
experimentA/Exp08/2019-08-15_10Amutants_Migration2019-08-15_10Amutants_3minFrames_XY0011.ome.zarr	#Dataset-14915	bia:Image	643713678
experimentA/Exp08/2019-08-15_10Amutants_Migration2019-08-15_10Amutants_3minFrames_XY0011.ome.zarr.log	#Dataset-14915	bia:File	621
experimentA/Exp08/2019-08-15_10Amutants_Migration2019-08-15_10Amutants_3minFrames_XY0012.ome.zarr	#Dataset-14915	bia:Image	618730774
experimentA/Exp08/2019-08-15_10Amutants_Migration2019-08-15_10Amutants_3minFrames_XY0012.ome.zarr.log	#Dataset-14915	bia:File	621
experimentA/Exp08/2019-08-15_10Amutants_Migration2019-08-15_10Amutants_3minFrames_XY0013.ome.zarr	#Dataset-14915	bia:Image	623415750
experimentA/Exp08/2019-08-15_10Amutants_Migration2019-08-15_10Amutants_3minFrames_XY0013.ome.zarr.log	#Dataset-14915	bia:File	621
experimentA/Exp08/2019-08-15_10Amutants_Migration2019-08-15_10Amutants_3minFrames_XY0014.ome.zarr	#Dataset-14915	bia:Image	612790354
experimentA/Exp08/2019-08-15_10Amutants_Migration2019-08-15_10Amutants_3minFrames_XY0014.ome.zarr.log	#Dataset-14915	bia:File	621
experimentA/Exp08/2019-08-15_10Amutants_Migration2019-08-15_10Amutants_3minFrames_XY0015.ome.zarr	#Dataset-14915	bia:Image	621090483
experimentA/Exp08/2019-08-15_10Amutants_Migration2019-08-15_10Amutants_3minFrames_XY0015.ome.zarr.log	#Dataset-14915	bia:File	621
experimentA/Exp08/2019-08-15_10Amutants_Migration2019-08-15_10Amutants_3minFrames_XY0016.ome.zarr	#Dataset-14915	bia:Image	619642945
experimentA/Exp08/2019-08-15_10Amutants_Migration2019-08-15_10Amutants_3minFrames_XY0016.ome.zarr.log	#Dataset-14915	bia:File	621
experimentA/Exp08/2019-08-15_10Amutants_PostTiling2019-08-15_10Amutants_WellA1.ome.zarr	#Dataset-14915	bia:Image	244058140
experimentA/Exp08/2019-08-15_10Amutants_PostTiling2019-08-15_10Amutants_WellA1.ome.zarr.log	#Dataset-14915	bia:File	571
experimentA/Exp08/2019-08-15_10Amutants_PostTiling2019-08-15_10Amutants_WellA2.ome.zarr	#Dataset-14915	bia:Image	235485059
experimentA/Exp08/2019-08-15_10Amutants_PostTiling2019-08-15_10Amutants_WellA2.ome.zarr.log	#Dataset-14915	bia:File	571
experimentA/Exp08/2019-08-15_10Amutants_PostTiling2019-08-15_10Amutants_WellA3.ome.zarr	#Dataset-14915	bia:Image	233451112
experimentA/Exp08/2019-08-15_10Amutants_PostTiling2019-08-15_10Amutants_WellA3.ome.zarr.log	#Dataset-14915	bia:File	571
experimentA/Exp08/2019-08-15_10Amutants_PostTiling2019-08-15_10Amutants_WellA4.ome.zarr	#Dataset-14915	bia:Image	228967117
experimentA/Exp08/2019-08-15_10Amutants_PostTiling2019-08-15_10Amutants_WellA4.ome.zarr.log	#Dataset-14915	bia:File	571
experimentA/Exp08/2019-08-15_10Amutants_PostTiling2019-08-15_10Amutants_WellB1.ome.zarr	#Dataset-14915	bia:Image	243944853
experimentA/Exp08/2019-08-15_10Amutants_PostTiling2019-08-15_10Amutants_WellB1.ome.zarr.log	#Dataset-14915	bia:File	571
experimentA/Exp08/2019-08-15_10Amutants_PostTiling2019-08-15_10Amutants_WellB2.ome.zarr	#Dataset-14915	bia:Image	241435473
experimentA/Exp08/2019-08-15_10Amutants_PostTiling2019-08-15_10Amutants_WellB2.ome.zarr.log	#Dataset-14915	bia:File	571
experimentA/Exp08/2019-08-15_10Amutants_PostTiling2019-08-15_10Amutants_WellB3.ome.zarr	#Dataset-14915	bia:Image	234336422
experimentA/Exp08/2019-08-15_10Amutants_PostTiling2019-08-15_10Amutants_WellB3.ome.zarr.log	#Dataset-14915	bia:File	571
experimentA/Exp08/2019-08-15_10Amutants_PostTiling2019-08-15_10Amutants_WellB4.ome.zarr	#Dataset-14915	bia:Image	230318522
experimentA/Exp08/2019-08-15_10Amutants_PostTiling2019-08-15_10Amutants_WellB4.ome.zarr.log	#Dataset-14915	bia:File	571
experimentA/Exp08/2019-08-15_10Amutants_PreTiling2019-08-15_10Amutants_WellA1.ome.zarr	#Dataset-14915	bia:Image	243037188
experimentA/Exp08/2019-08-15_10Amutants_PreTiling2019-08-15_10Amutants_WellA1.ome.zarr.log	#Dataset-14915	bia:File	569
experimentA/Exp08/2019-08-15_10Amutants_PreTiling2019-08-15_10Amutants_WellA2.ome.zarr	#Dataset-14915	bia:Image	233726639
experimentA/Exp08/2019-08-15_10Amutants_PreTiling2019-08-15_10Amutants_WellA2.ome.zarr.log	#Dataset-14915	bia:File	569
experimentA/Exp08/2019-08-15_10Amutants_PreTiling2019-08-15_10Amutants_WellA3.ome.zarr	#Dataset-14915	bia:Image	237089847
experimentA/Exp08/2019-08-15_10Amutants_PreTiling2019-08-15_10Amutants_WellA3.ome.zarr.log	#Dataset-14915	bia:File	569
experimentA/Exp08/2019-08-15_10Amutants_PreTiling2019-08-15_10Amutants_WellA4.ome.zarr	#Dataset-14915	bia:Image	219237935
experimentA/Exp08/2019-08-15_10Amutants_PreTiling2019-08-15_10Amutants_WellA4.ome.zarr.log	#Dataset-14915	bia:File	569
experimentA/Exp08/2019-08-15_10Amutants_PreTiling2019-08-15_10Amutants_WellB1.ome.zarr	#Dataset-14915	bia:Image	239581456
experimentA/Exp08/2019-08-15_10Amutants_PreTiling2019-08-15_10Amutants_WellB1.ome.zarr.log	#Dataset-14915	bia:File	569
experimentA/Exp08/2019-08-15_10Amutants_PreTiling2019-08-15_10Amutants_WellB2.ome.zarr	#Dataset-14915	bia:Image	239478792
experimentA/Exp08/2019-08-15_10Amutants_PreTiling2019-08-15_10Amutants_WellB2.ome.zarr.log	#Dataset-14915	bia:File	569
experimentA/Exp08/2019-08-15_10Amutants_PreTiling2019-08-15_10Amutants_WellB3.ome.zarr	#Dataset-14915	bia:Image	229892140
experimentA/Exp08/2019-08-15_10Amutants_PreTiling2019-08-15_10Amutants_WellB3.ome.zarr.log	#Dataset-14915	bia:File	569
experimentA/Exp08/2019-08-15_10Amutants_PreTiling2019-08-15_10Amutants_WellB4.ome.zarr	#Dataset-14915	bia:Image	232648130
experimentA/Exp08/2019-08-15_10Amutants_PreTiling2019-08-15_10Amutants_WellB4.ome.zarr.log	#Dataset-14915	bia:File	569
experimentA/Exp09/2019-08-27_10Amutants_Migration2019-08-27_10Amutants_3minFrames_XY0001.ome.zarr	#Dataset-14916	bia:Image	664071680
experimentA/Exp09/2019-08-27_10Amutants_Migration2019-08-27_10Amutants_3minFrames_XY0001.ome.zarr.log	#Dataset-14916	bia:File	621
experimentA/Exp09/2019-08-27_10Amutants_Migration2019-08-27_10Amutants_3minFrames_XY0002.ome.zarr	#Dataset-14916	bia:Image	655151266
experimentA/Exp09/2019-08-27_10Amutants_Migration2019-08-27_10Amutants_3minFrames_XY0002.ome.zarr.log	#Dataset-14916	bia:File	621
experimentA/Exp09/2019-08-27_10Amutants_Migration2019-08-27_10Amutants_3minFrames_XY0003.ome.zarr	#Dataset-14916	bia:Image	660195001
experimentA/Exp09/2019-08-27_10Amutants_Migration2019-08-27_10Amutants_3minFrames_XY0003.ome.zarr.log	#Dataset-14916	bia:File	621
experimentA/Exp09/2019-08-27_10Amutants_Migration2019-08-27_10Amutants_3minFrames_XY0004.ome.zarr	#Dataset-14916	bia:Image	653480770
experimentA/Exp09/2019-08-27_10Amutants_Migration2019-08-27_10Amutants_3minFrames_XY0004.ome.zarr.log	#Dataset-14916	bia:File	621
experimentA/Exp09/2019-08-27_10Amutants_Migration2019-08-27_10Amutants_3minFrames_XY0005.ome.zarr	#Dataset-14916	bia:Image	669410686
experimentA/Exp09/2019-08-27_10Amutants_Migration2019-08-27_10Amutants_3minFrames_XY0005.ome.zarr.log	#Dataset-14916	bia:File	621
experimentA/Exp09/2019-08-27_10Amutants_Migration2019-08-27_10Amutants_3minFrames_XY0006.ome.zarr	#Dataset-14916	bia:Image	670727089
experimentA/Exp09/2019-08-27_10Amutants_Migration2019-08-27_10Amutants_3minFrames_XY0006.ome.zarr.log	#Dataset-14916	bia:File	621
experimentA/Exp09/2019-08-27_10Amutants_Migration2019-08-27_10Amutants_3minFrames_XY0007.ome.zarr	#Dataset-14916	bia:Image	666980628
experimentA/Exp09/2019-08-27_10Amutants_Migration2019-08-27_10Amutants_3minFrames_XY0007.ome.zarr.log	#Dataset-14916	bia:File	621
experimentA/Exp09/2019-08-27_10Amutants_Migration2019-08-27_10Amutants_3minFrames_XY0008.ome.zarr	#Dataset-14916	bia:Image	654769257
experimentA/Exp09/2019-08-27_10Amutants_Migration2019-08-27_10Amutants_3minFrames_XY0008.ome.zarr.log	#Dataset-14916	bia:File	621
experimentA/Exp09/2019-08-27_10Amutants_Migration2019-08-27_10Amutants_3minFrames_XY0009.ome.zarr	#Dataset-14916	bia:Image	658887228
experimentA/Exp09/2019-08-27_10Amutants_Migration2019-08-27_10Amutants_3minFrames_XY0009.ome.zarr.log	#Dataset-14916	bia:File	621
experimentA/Exp09/2019-08-27_10Amutants_Migration2019-08-27_10Amutants_3minFrames_XY0010.ome.zarr	#Dataset-14916	bia:Image	648467461
experimentA/Exp09/2019-08-27_10Amutants_Migration2019-08-27_10Amutants_3minFrames_XY0010.ome.zarr.log	#Dataset-14916	bia:File	621
experimentA/Exp09/2019-08-27_10Amutants_Migration2019-08-27_10Amutants_3minFrames_XY0011.ome.zarr	#Dataset-14916	bia:Image	669909507
experimentA/Exp09/2019-08-27_10Amutants_Migration2019-08-27_10Amutants_3minFrames_XY0011.ome.zarr.log	#Dataset-14916	bia:File	621
experimentA/Exp09/2019-08-27_10Amutants_Migration2019-08-27_10Amutants_3minFrames_XY0012.ome.zarr	#Dataset-14916	bia:Image	641514445
experimentA/Exp09/2019-08-27_10Amutants_Migration2019-08-27_10Amutants_3minFrames_XY0012.ome.zarr.log	#Dataset-14916	bia:File	621
experimentA/Exp09/2019-08-27_10Amutants_PostTiling2019-08-27_10Amutants_WellA1.ome.zarr	#Dataset-14916	bia:Image	238592495
experimentA/Exp09/2019-08-27_10Amutants_PostTiling2019-08-27_10Amutants_WellA1.ome.zarr.log	#Dataset-14916	bia:File	571
experimentA/Exp09/2019-08-27_10Amutants_PostTiling2019-08-27_10Amutants_WellA2.ome.zarr	#Dataset-14916	bia:Image	227832869
experimentA/Exp09/2019-08-27_10Amutants_PostTiling2019-08-27_10Amutants_WellA2.ome.zarr.log	#Dataset-14916	bia:File	571
experimentA/Exp09/2019-08-27_10Amutants_PostTiling2019-08-27_10Amutants_WellB1.ome.zarr	#Dataset-14916	bia:Image	239480554
experimentA/Exp09/2019-08-27_10Amutants_PostTiling2019-08-27_10Amutants_WellB1.ome.zarr.log	#Dataset-14916	bia:File	571
experimentA/Exp09/2019-08-27_10Amutants_PostTiling2019-08-27_10Amutants_WellB2.ome.zarr	#Dataset-14916	bia:Image	229105469
experimentA/Exp09/2019-08-27_10Amutants_PostTiling2019-08-27_10Amutants_WellB2.ome.zarr.log	#Dataset-14916	bia:File	571
experimentA/Exp09/2019-08-27_10Amutants_PostTiling2019-08-27_10Amutants_WellB3.ome.zarr	#Dataset-14916	bia:Image	237168987
experimentA/Exp09/2019-08-27_10Amutants_PostTiling2019-08-27_10Amutants_WellB3.ome.zarr.log	#Dataset-14916	bia:File	571
experimentA/Exp09/2019-08-27_10Amutants_PostTiling2019-08-27_10Amutants_WellB4.ome.zarr	#Dataset-14916	bia:Image	232479340
experimentA/Exp09/2019-08-27_10Amutants_PostTiling2019-08-27_10Amutants_WellB4.ome.zarr.log	#Dataset-14916	bia:File	571
experimentA/Exp09/2019-08-27_10Amutants_PreTiling2019-08-27_10Amutants_WellA1.ome.zarr	#Dataset-14916	bia:Image	234672769
experimentA/Exp09/2019-08-27_10Amutants_PreTiling2019-08-27_10Amutants_WellA1.ome.zarr.log	#Dataset-14916	bia:File	569
experimentA/Exp09/2019-08-27_10Amutants_PreTiling2019-08-27_10Amutants_WellA2.ome.zarr	#Dataset-14916	bia:Image	228223871
experimentA/Exp09/2019-08-27_10Amutants_PreTiling2019-08-27_10Amutants_WellA2.ome.zarr.log	#Dataset-14916	bia:File	569
experimentA/Exp09/2019-08-27_10Amutants_PreTiling2019-08-27_10Amutants_WellB1.ome.zarr	#Dataset-14916	bia:Image	236072008
experimentA/Exp09/2019-08-27_10Amutants_PreTiling2019-08-27_10Amutants_WellB1.ome.zarr.log	#Dataset-14916	bia:File	569
experimentA/Exp09/2019-08-27_10Amutants_PreTiling2019-08-27_10Amutants_WellB2.ome.zarr	#Dataset-14916	bia:Image	229611728
experimentA/Exp09/2019-08-27_10Amutants_PreTiling2019-08-27_10Amutants_WellB2.ome.zarr.log	#Dataset-14916	bia:File	569
experimentA/Exp09/2019-08-27_10Amutants_PreTiling2019-08-27_10Amutants_WellB3.ome.zarr	#Dataset-14916	bia:Image	237941259
experimentA/Exp09/2019-08-27_10Amutants_PreTiling2019-08-27_10Amutants_WellB3.ome.zarr.log	#Dataset-14916	bia:File	569
experimentA/Exp09/2019-08-27_10Amutants_PreTiling2019-08-27_10Amutants_WellB4.ome.zarr	#Dataset-14916	bia:Image	233456953
experimentA/Exp09/2019-08-27_10Amutants_PreTiling2019-08-27_10Amutants_WellB4.ome.zarr.log	#Dataset-14916	bia:File	569
experimentA/Exp10/2019-09-03_10Amutants_Migration2019-09-03_10Amutants_3minFrames_XY0001.ome.zarr	#Dataset-14902	bia:Image	672288934
experimentA/Exp10/2019-09-03_10Amutants_Migration2019-09-03_10Amutants_3minFrames_XY0001.ome.zarr.log	#Dataset-14902	bia:File	621
experimentA/Exp10/2019-09-03_10Amutants_Migration2019-09-03_10Amutants_3minFrames_XY0002.ome.zarr	#Dataset-14902	bia:Image	671204709
experimentA/Exp10/2019-09-03_10Amutants_Migration2019-09-03_10Amutants_3minFrames_XY0002.ome.zarr.log	#Dataset-14902	bia:File	621
experimentA/Exp10/2019-09-03_10Amutants_Migration2019-09-03_10Amutants_3minFrames_XY0003.ome.zarr	#Dataset-14902	bia:Image	671470711
experimentA/Exp10/2019-09-03_10Amutants_Migration2019-09-03_10Amutants_3minFrames_XY0003.ome.zarr.log	#Dataset-14902	bia:File	621
experimentA/Exp10/2019-09-03_10Amutants_Migration2019-09-03_10Amutants_3minFrames_XY0004.ome.zarr	#Dataset-14902	bia:Image	669988835
experimentA/Exp10/2019-09-03_10Amutants_Migration2019-09-03_10Amutants_3minFrames_XY0004.ome.zarr.log	#Dataset-14902	bia:File	621
experimentA/Exp10/2019-09-03_10Amutants_Migration2019-09-03_10Amutants_3minFrames_XY0005.ome.zarr	#Dataset-14902	bia:Image	680966590
experimentA/Exp10/2019-09-03_10Amutants_Migration2019-09-03_10Amutants_3minFrames_XY0005.ome.zarr.log	#Dataset-14902	bia:File	621
experimentA/Exp10/2019-09-03_10Amutants_Migration2019-09-03_10Amutants_3minFrames_XY0006.ome.zarr	#Dataset-14902	bia:Image	679546935
experimentA/Exp10/2019-09-03_10Amutants_Migration2019-09-03_10Amutants_3minFrames_XY0006.ome.zarr.log	#Dataset-14902	bia:File	621
experimentA/Exp10/2019-09-03_10Amutants_Migration2019-09-03_10Amutants_3minFrames_XY0007.ome.zarr	#Dataset-14902	bia:Image	671608357
experimentA/Exp10/2019-09-03_10Amutants_Migration2019-09-03_10Amutants_3minFrames_XY0007.ome.zarr.log	#Dataset-14902	bia:File	621
experimentA/Exp10/2019-09-03_10Amutants_Migration2019-09-03_10Amutants_3minFrames_XY0008.ome.zarr	#Dataset-14902	bia:Image	678841681
experimentA/Exp10/2019-09-03_10Amutants_Migration2019-09-03_10Amutants_3minFrames_XY0008.ome.zarr.log	#Dataset-14902	bia:File	621
experimentA/Exp10/2019-09-03_10Amutants_Migration2019-09-03_10Amutants_3minFrames_XY0009.ome.zarr	#Dataset-14902	bia:Image	679141138
experimentA/Exp10/2019-09-03_10Amutants_Migration2019-09-03_10Amutants_3minFrames_XY0009.ome.zarr.log	#Dataset-14902	bia:File	621
experimentA/Exp10/2019-09-03_10Amutants_Migration2019-09-03_10Amutants_3minFrames_XY0010.ome.zarr	#Dataset-14902	bia:Image	668742119
experimentA/Exp10/2019-09-03_10Amutants_Migration2019-09-03_10Amutants_3minFrames_XY0010.ome.zarr.log	#Dataset-14902	bia:File	621
experimentA/Exp10/2019-09-03_10Amutants_Migration2019-09-03_10Amutants_3minFrames_XY0011.ome.zarr	#Dataset-14902	bia:Image	675695243
experimentA/Exp10/2019-09-03_10Amutants_Migration2019-09-03_10Amutants_3minFrames_XY0011.ome.zarr.log	#Dataset-14902	bia:File	621
experimentA/Exp10/2019-09-03_10Amutants_Migration2019-09-03_10Amutants_3minFrames_XY0012.ome.zarr	#Dataset-14902	bia:Image	674707288
experimentA/Exp10/2019-09-03_10Amutants_Migration2019-09-03_10Amutants_3minFrames_XY0012.ome.zarr.log	#Dataset-14902	bia:File	621
experimentA/Exp10/2019-09-03_10Amutants_PostTiling2019-09-03_10Amutants_WellA1.ome.zarr	#Dataset-14902	bia:Image	242509199
experimentA/Exp10/2019-09-03_10Amutants_PostTiling2019-09-03_10Amutants_WellA1.ome.zarr.log	#Dataset-14902	bia:File	571
experimentA/Exp10/2019-09-03_10Amutants_PostTiling2019-09-03_10Amutants_WellA2.ome.zarr	#Dataset-14902	bia:Image	239822348
experimentA/Exp10/2019-09-03_10Amutants_PostTiling2019-09-03_10Amutants_WellA2.ome.zarr.log	#Dataset-14902	bia:File	571
experimentA/Exp10/2019-09-03_10Amutants_PostTiling2019-09-03_10Amutants_WellA4.ome.zarr	#Dataset-14902	bia:Image	241120236
experimentA/Exp10/2019-09-03_10Amutants_PostTiling2019-09-03_10Amutants_WellA4.ome.zarr.log	#Dataset-14902	bia:File	571
experimentA/Exp10/2019-09-03_10Amutants_PostTiling2019-09-03_10Amutants_WellB2.ome.zarr	#Dataset-14902	bia:Image	238378690
experimentA/Exp10/2019-09-03_10Amutants_PostTiling2019-09-03_10Amutants_WellB2.ome.zarr.log	#Dataset-14902	bia:File	571
experimentA/Exp10/2019-09-03_10Amutants_PostTiling2019-09-03_10Amutants_WellB3.ome.zarr	#Dataset-14902	bia:Image	236019546
experimentA/Exp10/2019-09-03_10Amutants_PostTiling2019-09-03_10Amutants_WellB3.ome.zarr.log	#Dataset-14902	bia:File	571
experimentA/Exp10/2019-09-03_10Amutants_PostTiling2019-09-03_10Amutants_WellB4.ome.zarr	#Dataset-14902	bia:Image	241821894
experimentA/Exp10/2019-09-03_10Amutants_PostTiling2019-09-03_10Amutants_WellB4.ome.zarr.log	#Dataset-14902	bia:File	571
experimentA/Exp10/2019-09-03_10Amutants_PreTiling2019-09-03_10Amutants_WellA1.ome.zarr	#Dataset-14902	bia:Image	234332558
experimentA/Exp10/2019-09-03_10Amutants_PreTiling2019-09-03_10Amutants_WellA1.ome.zarr.log	#Dataset-14902	bia:File	569
experimentA/Exp10/2019-09-03_10Amutants_PreTiling2019-09-03_10Amutants_WellA2.ome.zarr	#Dataset-14902	bia:Image	237856486
experimentA/Exp10/2019-09-03_10Amutants_PreTiling2019-09-03_10Amutants_WellA2.ome.zarr.log	#Dataset-14902	bia:File	569
experimentA/Exp10/2019-09-03_10Amutants_PreTiling2019-09-03_10Amutants_WellA4.ome.zarr	#Dataset-14902	bia:Image	239822333
experimentA/Exp10/2019-09-03_10Amutants_PreTiling2019-09-03_10Amutants_WellA4.ome.zarr.log	#Dataset-14902	bia:File	569
experimentA/Exp10/2019-09-03_10Amutants_PreTiling2019-09-03_10Amutants_WellB2.ome.zarr	#Dataset-14902	bia:Image	236635979
experimentA/Exp10/2019-09-03_10Amutants_PreTiling2019-09-03_10Amutants_WellB2.ome.zarr.log	#Dataset-14902	bia:File	569
experimentA/Exp10/2019-09-03_10Amutants_PreTiling2019-09-03_10Amutants_WellB3.ome.zarr	#Dataset-14902	bia:Image	236496814
experimentA/Exp10/2019-09-03_10Amutants_PreTiling2019-09-03_10Amutants_WellB3.ome.zarr.log	#Dataset-14902	bia:File	569
experimentA/Exp10/2019-09-03_10Amutants_PreTiling2019-09-03_10Amutants_WellB4.ome.zarr	#Dataset-14902	bia:Image	242327843
experimentA/Exp10/2019-09-03_10Amutants_PreTiling2019-09-03_10Amutants_WellB4.ome.zarr.log	#Dataset-14902	bia:File	569
experimentA/Exp11/2019-12-04_10A_231_Migration2019-12-04_10A_231_3minFrames_XY0001.ome.zarr	#Dataset-14903	bia:Image	683840533
experimentA/Exp11/2019-12-04_10A_231_Migration2019-12-04_10A_231_3minFrames_XY0001.ome.zarr.log	#Dataset-14903	bia:File	609
experimentA/Exp11/2019-12-04_10A_231_Migration2019-12-04_10A_231_3minFrames_XY0002.ome.zarr	#Dataset-14903	bia:Image	681212107
experimentA/Exp11/2019-12-04_10A_231_Migration2019-12-04_10A_231_3minFrames_XY0002.ome.zarr.log	#Dataset-14903	bia:File	609
experimentA/Exp11/2019-12-04_10A_231_Migration2019-12-04_10A_231_3minFrames_XY0005.ome.zarr	#Dataset-14903	bia:Image	669190384
experimentA/Exp11/2019-12-04_10A_231_Migration2019-12-04_10A_231_3minFrames_XY0005.ome.zarr.log	#Dataset-14903	bia:File	609
experimentA/Exp11/2019-12-04_10A_231_Migration2019-12-04_10A_231_3minFrames_XY0006.ome.zarr	#Dataset-14903	bia:Image	679674572
experimentA/Exp11/2019-12-04_10A_231_Migration2019-12-04_10A_231_3minFrames_XY0006.ome.zarr.log	#Dataset-14903	bia:File	609
experimentA/Exp11/2019-12-04_10A_231_Migration2019-12-04_10A_231_3minFrames_XY0009.ome.zarr	#Dataset-14903	bia:Image	682404534
experimentA/Exp11/2019-12-04_10A_231_Migration2019-12-04_10A_231_3minFrames_XY0009.ome.zarr.log	#Dataset-14903	bia:File	609
experimentA/Exp11/2019-12-04_10A_231_Migration2019-12-04_10A_231_3minFrames_XY0010.ome.zarr	#Dataset-14903	bia:Image	678392456
experimentA/Exp11/2019-12-04_10A_231_Migration2019-12-04_10A_231_3minFrames_XY0010.ome.zarr.log	#Dataset-14903	bia:File	609
experimentA/Exp11/2019-12-04_10A_231_Migration2019-12-04_WellA1 2.ome.zarr	#Dataset-14903	bia:Image	246929924
experimentA/Exp11/2019-12-04_10A_231_Migration2019-12-04_WellA1 2.ome.zarr.log	#Dataset-14903	bia:File	547
experimentA/Exp11/2019-12-04_10A_231_Migration2019-12-04_WellA3.ome.zarr	#Dataset-14903	bia:Image	244794198
experimentA/Exp11/2019-12-04_10A_231_Migration2019-12-04_WellA3.ome.zarr.log	#Dataset-14903	bia:File	541
experimentA/Exp11/2019-12-04_10A_231_Migration2019-12-04_WellB4.ome.zarr	#Dataset-14903	bia:Image	251784464
experimentA/Exp11/2019-12-04_10A_231_Migration2019-12-04_WellB4.ome.zarr.log	#Dataset-14903	bia:File	541
experimentA/Exp11/2019-12-04_10A_231_PostTiling2019-12-04_PostTiling_WellA1.ome.zarr	#Dataset-14903	bia:Image	252007058
experimentA/Exp11/2019-12-04_10A_231_PostTiling2019-12-04_PostTiling_WellA1.ome.zarr.log	#Dataset-14903	bia:File	565
experimentA/Exp11/2019-12-04_10A_231_PostTiling2019-12-04_PostTiling_WellA3.ome.zarr	#Dataset-14903	bia:Image	251394670
experimentA/Exp11/2019-12-04_10A_231_PostTiling2019-12-04_PostTiling_WellA3.ome.zarr.log	#Dataset-14903	bia:File	565
experimentA/Exp11/2019-12-04_10A_231_PostTiling2019-12-04_PostTiling_WellB4.ome.zarr	#Dataset-14903	bia:Image	250717391
experimentA/Exp11/2019-12-04_10A_231_PostTiling2019-12-04_PostTiling_WellB4.ome.zarr.log	#Dataset-14903	bia:File	565
experimentA/Exp12/2019-12-10_10A_231_Migration2019-12-10_10A_231_3minFrames_XY0001.ome.zarr	#Dataset-14904	bia:Image	683724930
experimentA/Exp12/2019-12-10_10A_231_Migration2019-12-10_10A_231_3minFrames_XY0001.ome.zarr.log	#Dataset-14904	bia:File	609
experimentA/Exp12/2019-12-10_10A_231_Migration2019-12-10_10A_231_3minFrames_XY0002.ome.zarr	#Dataset-14904	bia:Image	655468617
experimentA/Exp12/2019-12-10_10A_231_Migration2019-12-10_10A_231_3minFrames_XY0002.ome.zarr.log	#Dataset-14904	bia:File	609
experimentA/Exp12/2019-12-10_10A_231_Migration2019-12-10_10A_231_3minFrames_XY0007.ome.zarr	#Dataset-14904	bia:Image	672706009
experimentA/Exp12/2019-12-10_10A_231_Migration2019-12-10_10A_231_3minFrames_XY0007.ome.zarr.log	#Dataset-14904	bia:File	609
experimentA/Exp12/2019-12-10_10A_231_Migration2019-12-10_10A_231_3minFrames_XY0008.ome.zarr	#Dataset-14904	bia:Image	651438432
experimentA/Exp12/2019-12-10_10A_231_Migration2019-12-10_10A_231_3minFrames_XY0008.ome.zarr.log	#Dataset-14904	bia:File	609
experimentA/Exp12/2019-12-10_10A_231_Migration2019-12-10_10A_231_3minFrames_XY0009.ome.zarr	#Dataset-14904	bia:Image	636192469
experimentA/Exp12/2019-12-10_10A_231_Migration2019-12-10_10A_231_3minFrames_XY0009.ome.zarr.log	#Dataset-14904	bia:File	609
experimentA/Exp12/2019-12-10_10A_231_Migration2019-12-10_10A_231_3minFrames_XY0010.ome.zarr	#Dataset-14904	bia:Image	648182534
experimentA/Exp12/2019-12-10_10A_231_Migration2019-12-10_10A_231_3minFrames_XY0010.ome.zarr.log	#Dataset-14904	bia:File	609
experimentA/Exp12/2019-12-10_10A_231_Migration2019-12-10_10A_231_3minFrames_XY0015.ome.zarr	#Dataset-14904	bia:Image	639739122
experimentA/Exp12/2019-12-10_10A_231_Migration2019-12-10_10A_231_3minFrames_XY0015.ome.zarr.log	#Dataset-14904	bia:File	609
experimentA/Exp12/2019-12-10_10A_231_Migration2019-12-10_10A_231_3minFrames_XY0016.ome.zarr	#Dataset-14904	bia:Image	657668959
experimentA/Exp12/2019-12-10_10A_231_Migration2019-12-10_10A_231_3minFrames_XY0016.ome.zarr.log	#Dataset-14904	bia:File	609
experimentA/Exp12/2019-12-10_10A_231_PostTiling2019-12-10_WellA1.ome.zarr	#Dataset-14904	bia:Image	244144132
experimentA/Exp12/2019-12-10_10A_231_PostTiling2019-12-10_WellA1.ome.zarr.log	#Dataset-14904	bia:File	543
experimentA/Exp12/2019-12-10_10A_231_PostTiling2019-12-10_WellA4.ome.zarr	#Dataset-14904	bia:Image	245229845
experimentA/Exp12/2019-12-10_10A_231_PostTiling2019-12-10_WellA4.ome.zarr.log	#Dataset-14904	bia:File	543
experimentA/Exp12/2019-12-10_10A_231_PostTiling2019-12-10_WellB1.ome.zarr	#Dataset-14904	bia:Image	241290586
experimentA/Exp12/2019-12-10_10A_231_PostTiling2019-12-10_WellB1.ome.zarr.log	#Dataset-14904	bia:File	543
experimentA/Exp12/2019-12-10_10A_231_PostTiling2019-12-10_WellB4.ome.zarr	#Dataset-14904	bia:Image	244952393
experimentA/Exp12/2019-12-10_10A_231_PostTiling2019-12-10_WellB4.ome.zarr.log	#Dataset-14904	bia:File	543
experimentA/Exp12/2019-12-10_10A_231_PreTiling2019-12-10_WellA1.ome.zarr	#Dataset-14904	bia:Image	240977571
experimentA/Exp12/2019-12-10_10A_231_PreTiling2019-12-10_WellA1.ome.zarr.log	#Dataset-14904	bia:File	541
experimentA/Exp12/2019-12-10_10A_231_PreTiling2019-12-10_WellA4.ome.zarr	#Dataset-14904	bia:Image	242702156
experimentA/Exp12/2019-12-10_10A_231_PreTiling2019-12-10_WellA4.ome.zarr.log	#Dataset-14904	bia:File	541
experimentA/Exp12/2019-12-10_10A_231_PreTiling2019-12-10_WellB1.ome.zarr	#Dataset-14904	bia:Image	236923059
experimentA/Exp12/2019-12-10_10A_231_PreTiling2019-12-10_WellB1.ome.zarr.log	#Dataset-14904	bia:File	541
experimentA/Exp12/2019-12-10_10A_231_PreTiling2019-12-10_WellB4.ome.zarr	#Dataset-14904	bia:Image	247115821
experimentA/Exp12/2019-12-10_10A_231_PreTiling2019-12-10_WellB4.ome.zarr.log	#Dataset-14904	bia:File	541
experimentA/Exp13/2019-12-12_10A_231_Migration2019-12-12_10A_231_3minFrames_XY0001.ome.zarr	#Dataset-14905	bia:Image	704354808
experimentA/Exp13/2019-12-12_10A_231_Migration2019-12-12_10A_231_3minFrames_XY0001.ome.zarr.log	#Dataset-14905	bia:File	609
experimentA/Exp13/2019-12-12_10A_231_Migration2019-12-12_10A_231_3minFrames_XY0002.ome.zarr	#Dataset-14905	bia:Image	690535090
experimentA/Exp13/2019-12-12_10A_231_Migration2019-12-12_10A_231_3minFrames_XY0002.ome.zarr.log	#Dataset-14905	bia:File	609
experimentA/Exp13/2019-12-12_10A_231_Migration2019-12-12_10A_231_3minFrames_XY0007.ome.zarr	#Dataset-14905	bia:Image	683293538
experimentA/Exp13/2019-12-12_10A_231_Migration2019-12-12_10A_231_3minFrames_XY0007.ome.zarr.log	#Dataset-14905	bia:File	609
experimentA/Exp13/2019-12-12_10A_231_Migration2019-12-12_10A_231_3minFrames_XY0008.ome.zarr	#Dataset-14905	bia:Image	666002606
experimentA/Exp13/2019-12-12_10A_231_Migration2019-12-12_10A_231_3minFrames_XY0008.ome.zarr.log	#Dataset-14905	bia:File	609
experimentA/Exp13/2019-12-12_10A_231_Migration2019-12-12_10A_231_3minFrames_XY0009.ome.zarr	#Dataset-14905	bia:Image	676595279
experimentA/Exp13/2019-12-12_10A_231_Migration2019-12-12_10A_231_3minFrames_XY0009.ome.zarr.log	#Dataset-14905	bia:File	609
experimentA/Exp13/2019-12-12_10A_231_Migration2019-12-12_10A_231_3minFrames_XY0010.ome.zarr	#Dataset-14905	bia:Image	677978732
experimentA/Exp13/2019-12-12_10A_231_Migration2019-12-12_10A_231_3minFrames_XY0010.ome.zarr.log	#Dataset-14905	bia:File	609
experimentA/Exp13/2019-12-12_10A_231_Migration2019-12-12_10A_231_3minFrames_XY0015.ome.zarr	#Dataset-14905	bia:Image	694727621
experimentA/Exp13/2019-12-12_10A_231_Migration2019-12-12_10A_231_3minFrames_XY0015.ome.zarr.log	#Dataset-14905	bia:File	609
experimentA/Exp13/2019-12-12_10A_231_Migration2019-12-12_10A_231_3minFrames_XY0016.ome.zarr	#Dataset-14905	bia:Image	686952367
experimentA/Exp13/2019-12-12_10A_231_Migration2019-12-12_10A_231_3minFrames_XY0016.ome.zarr.log	#Dataset-14905	bia:File	609
experimentA/Exp13/2019-12-12_10A_231_PostTiling2019-12-12_WellA1.ome.zarr	#Dataset-14905	bia:Image	250306640
experimentA/Exp13/2019-12-12_10A_231_PostTiling2019-12-12_WellA1.ome.zarr.log	#Dataset-14905	bia:File	543
experimentA/Exp13/2019-12-12_10A_231_PostTiling2019-12-12_WellA4.ome.zarr	#Dataset-14905	bia:Image	252371539
experimentA/Exp13/2019-12-12_10A_231_PostTiling2019-12-12_WellA4.ome.zarr.log	#Dataset-14905	bia:File	543
experimentA/Exp13/2019-12-12_10A_231_PostTiling2019-12-12_WellB1.ome.zarr	#Dataset-14905	bia:Image	254298915
experimentA/Exp13/2019-12-12_10A_231_PostTiling2019-12-12_WellB1.ome.zarr.log	#Dataset-14905	bia:File	543
experimentA/Exp13/2019-12-12_10A_231_PostTiling2019-12-12_WellB4.ome.zarr	#Dataset-14905	bia:Image	248002413
experimentA/Exp13/2019-12-12_10A_231_PostTiling2019-12-12_WellB4.ome.zarr.log	#Dataset-14905	bia:File	543
experimentA/Exp13/2019-12-12_10A_231_PreTiling2019-12-12_WellA1.ome.zarr	#Dataset-14905	bia:Image	247389811
experimentA/Exp13/2019-12-12_10A_231_PreTiling2019-12-12_WellA1.ome.zarr.log	#Dataset-14905	bia:File	541
experimentA/Exp13/2019-12-12_10A_231_PreTiling2019-12-12_WellA4 2.ome.zarr	#Dataset-14905	bia:Image	251636974
experimentA/Exp13/2019-12-12_10A_231_PreTiling2019-12-12_WellA4 2.ome.zarr.log	#Dataset-14905	bia:File	547
experimentA/Exp13/2019-12-12_10A_231_PreTiling2019-12-12_WellB1.ome.zarr	#Dataset-14905	bia:Image	246299037
experimentA/Exp13/2019-12-12_10A_231_PreTiling2019-12-12_WellB1.ome.zarr.log	#Dataset-14905	bia:File	541
experimentA/Exp13/2019-12-12_10A_231_PreTiling2019-12-12_WellB4.ome.zarr	#Dataset-14905	bia:Image	249400143
experimentA/Exp13/2019-12-12_10A_231_PreTiling2019-12-12_WellB4.ome.zarr.log	#Dataset-14905	bia:File	541
experimentA/Exp14/2020-01-28_10A_231_inh_PostTiling2020-01-28_WellA1.ome.zarr	#Dataset-14906	bia:Image	240916256
experimentA/Exp14/2020-01-28_10A_231_inh_PostTiling2020-01-28_WellA1.ome.zarr.log	#Dataset-14906	bia:File	551
experimentA/Exp14/2020-01-28_10A_231_inh_PostTiling2020-01-28_WellA2.ome.zarr	#Dataset-14906	bia:Image	249666843
experimentA/Exp14/2020-01-28_10A_231_inh_PostTiling2020-01-28_WellA2.ome.zarr.log	#Dataset-14906	bia:File	551
experimentA/Exp14/2020-01-28_10A_231_inh_PostTiling2020-01-28_WellB1.ome.zarr	#Dataset-14906	bia:Image	245217698
experimentA/Exp14/2020-01-28_10A_231_inh_PostTiling2020-01-28_WellB1.ome.zarr.log	#Dataset-14906	bia:File	551
experimentA/Exp14/2020-01-28_10A_231_inh_PostTiling2020-01-28_WellB2.ome.zarr	#Dataset-14906	bia:Image	247942576
experimentA/Exp14/2020-01-28_10A_231_inh_PostTiling2020-01-28_WellB2.ome.zarr.log	#Dataset-14906	bia:File	551
experimentA/Exp14/2020-01-28_10A_231_inh_PreTiling2020-01-28_WellA1.ome.zarr	#Dataset-14906	bia:Image	244669959
experimentA/Exp14/2020-01-28_10A_231_inh_PreTiling2020-01-28_WellA1.ome.zarr.log	#Dataset-14906	bia:File	549
experimentA/Exp14/2020-01-28_10A_231_inh_PreTiling2020-01-28_WellA2.ome.zarr	#Dataset-14906	bia:Image	245183181
experimentA/Exp14/2020-01-28_10A_231_inh_PreTiling2020-01-28_WellA2.ome.zarr.log	#Dataset-14906	bia:File	549
experimentA/Exp14/2020-01-28_10A_231_inh_PreTiling2020-01-28_WellB1.ome.zarr	#Dataset-14906	bia:Image	249178052
experimentA/Exp14/2020-01-28_10A_231_inh_PreTiling2020-01-28_WellB1.ome.zarr.log	#Dataset-14906	bia:File	549
experimentA/Exp14/2020-01-28_10A_231_inh_PreTiling2020-01-28_WellB2.ome.zarr	#Dataset-14906	bia:Image	247223664
experimentA/Exp14/2020-01-28_10A_231_inh_PreTiling2020-01-28_WellB2.ome.zarr.log	#Dataset-14906	bia:File	549
experimentA/Exp14/2020-01-28_10A_231_Migration2020-01-28_10A_231_3minFrames_XY0001.ome.zarr	#Dataset-14906	bia:Image	662022959
experimentA/Exp14/2020-01-28_10A_231_Migration2020-01-28_10A_231_3minFrames_XY0001.ome.zarr.log	#Dataset-14906	bia:File	609
experimentA/Exp14/2020-01-28_10A_231_Migration2020-01-28_10A_231_3minFrames_XY0002.ome.zarr	#Dataset-14906	bia:Image	663109352
experimentA/Exp14/2020-01-28_10A_231_Migration2020-01-28_10A_231_3minFrames_XY0002.ome.zarr.log	#Dataset-14906	bia:File	609
experimentA/Exp14/2020-01-28_10A_231_Migration2020-01-28_10A_231_3minFrames_XY0003.ome.zarr	#Dataset-14906	bia:Image	680317990
experimentA/Exp14/2020-01-28_10A_231_Migration2020-01-28_10A_231_3minFrames_XY0003.ome.zarr.log	#Dataset-14906	bia:File	609
experimentA/Exp14/2020-01-28_10A_231_Migration2020-01-28_10A_231_3minFrames_XY0004.ome.zarr	#Dataset-14906	bia:Image	684120220
experimentA/Exp14/2020-01-28_10A_231_Migration2020-01-28_10A_231_3minFrames_XY0004.ome.zarr.log	#Dataset-14906	bia:File	609
experimentA/Exp14/2020-01-28_10A_231_Migration2020-01-28_10A_231_3minFrames_XY0013.ome.zarr	#Dataset-14906	bia:Image	684498041
experimentA/Exp14/2020-01-28_10A_231_Migration2020-01-28_10A_231_3minFrames_XY0013.ome.zarr.log	#Dataset-14906	bia:File	609
experimentA/Exp14/2020-01-28_10A_231_Migration2020-01-28_10A_231_3minFrames_XY0014.ome.zarr	#Dataset-14906	bia:Image	681286117
experimentA/Exp14/2020-01-28_10A_231_Migration2020-01-28_10A_231_3minFrames_XY0014.ome.zarr.log	#Dataset-14906	bia:File	609
experimentA/Exp14/2020-01-28_10A_231_Migration2020-01-28_10A_231_3minFrames_XY0015.ome.zarr	#Dataset-14906	bia:Image	684917505
experimentA/Exp14/2020-01-28_10A_231_Migration2020-01-28_10A_231_3minFrames_XY0015.ome.zarr.log	#Dataset-14906	bia:File	609
experimentA/Exp14/2020-01-28_10A_231_Migration2020-01-28_10A_231_3minFrames_XY0016.ome.zarr	#Dataset-14906	bia:Image	694321891
experimentA/Exp14/2020-01-28_10A_231_Migration2020-01-28_10A_231_3minFrames_XY0016.ome.zarr.log	#Dataset-14906	bia:File	609
experimentA/Exp15/2020-02-11_10A_231_inh_PostTiling2020-02-11_WellA1.ome.zarr	#Dataset-14907	bia:Image	252498936
experimentA/Exp15/2020-02-11_10A_231_inh_PostTiling2020-02-11_WellA1.ome.zarr.log	#Dataset-14907	bia:File	551
experimentA/Exp15/2020-02-11_10A_231_inh_PostTiling2020-02-11_WellA2.ome.zarr	#Dataset-14907	bia:Image	245195987
experimentA/Exp15/2020-02-11_10A_231_inh_PostTiling2020-02-11_WellA2.ome.zarr.log	#Dataset-14907	bia:File	551
experimentA/Exp15/2020-02-11_10A_231_inh_PostTiling2020-02-11_WellA3.ome.zarr	#Dataset-14907	bia:Image	247579195
experimentA/Exp15/2020-02-11_10A_231_inh_PostTiling2020-02-11_WellA3.ome.zarr.log	#Dataset-14907	bia:File	551
experimentA/Exp15/2020-02-11_10A_231_inh_PostTiling2020-02-11_WellA4.ome.zarr	#Dataset-14907	bia:Image	247892581
experimentA/Exp15/2020-02-11_10A_231_inh_PostTiling2020-02-11_WellA4.ome.zarr.log	#Dataset-14907	bia:File	551
experimentA/Exp15/2020-02-11_10A_231_inh_PreTiling2020-02-11_WellA1.ome.zarr	#Dataset-14907	bia:Image	242443878
experimentA/Exp15/2020-02-11_10A_231_inh_PreTiling2020-02-11_WellA1.ome.zarr.log	#Dataset-14907	bia:File	549
experimentA/Exp15/2020-02-11_10A_231_inh_PreTiling2020-02-11_WellA2.ome.zarr	#Dataset-14907	bia:Image	246874675
experimentA/Exp15/2020-02-11_10A_231_inh_PreTiling2020-02-11_WellA2.ome.zarr.log	#Dataset-14907	bia:File	549
experimentA/Exp15/2020-02-11_10A_231_inh_PreTiling2020-02-11_WellA3.ome.zarr	#Dataset-14907	bia:Image	254155223
experimentA/Exp15/2020-02-11_10A_231_inh_PreTiling2020-02-11_WellA3.ome.zarr.log	#Dataset-14907	bia:File	549
experimentA/Exp15/2020-02-11_10A_231_inh_PreTiling2020-02-11_WellA4.ome.zarr	#Dataset-14907	bia:Image	252594552
experimentA/Exp15/2020-02-11_10A_231_inh_PreTiling2020-02-11_WellA4.ome.zarr.log	#Dataset-14907	bia:File	549
experimentA/Exp15/2020-02-11_10A_231_Migration2020-02-11_10A_231_3minFrames_XY0001.ome.zarr	#Dataset-14907	bia:Image	764599618
experimentA/Exp15/2020-02-11_10A_231_Migration2020-02-11_10A_231_3minFrames_XY0001.ome.zarr.log	#Dataset-14907	bia:File	609
experimentA/Exp15/2020-02-11_10A_231_Migration2020-02-11_10A_231_3minFrames_XY0002.ome.zarr	#Dataset-14907	bia:Image	766652645
experimentA/Exp15/2020-02-11_10A_231_Migration2020-02-11_10A_231_3minFrames_XY0002.ome.zarr.log	#Dataset-14907	bia:File	609
experimentA/Exp15/2020-02-11_10A_231_Migration2020-02-11_10A_231_3minFrames_XY0003.ome.zarr	#Dataset-14907	bia:Image	770240243
experimentA/Exp15/2020-02-11_10A_231_Migration2020-02-11_10A_231_3minFrames_XY0003.ome.zarr.log	#Dataset-14907	bia:File	609
experimentA/Exp15/2020-02-11_10A_231_Migration2020-02-11_10A_231_3minFrames_XY0004.ome.zarr	#Dataset-14907	bia:Image	751842519
experimentA/Exp15/2020-02-11_10A_231_Migration2020-02-11_10A_231_3minFrames_XY0004.ome.zarr.log	#Dataset-14907	bia:File	609
experimentA/Exp15/2020-02-11_10A_231_Migration2020-02-11_10A_231_3minFrames_XY0005.ome.zarr	#Dataset-14907	bia:Image	773355994
experimentA/Exp15/2020-02-11_10A_231_Migration2020-02-11_10A_231_3minFrames_XY0005.ome.zarr.log	#Dataset-14907	bia:File	609
experimentA/Exp15/2020-02-11_10A_231_Migration2020-02-11_10A_231_3minFrames_XY0006.ome.zarr	#Dataset-14907	bia:Image	793183709
experimentA/Exp15/2020-02-11_10A_231_Migration2020-02-11_10A_231_3minFrames_XY0006.ome.zarr.log	#Dataset-14907	bia:File	609
experimentA/Exp15/2020-02-11_10A_231_Migration2020-02-11_10A_231_3minFrames_XY0007.ome.zarr	#Dataset-14907	bia:Image	769385666
experimentA/Exp15/2020-02-11_10A_231_Migration2020-02-11_10A_231_3minFrames_XY0007.ome.zarr.log	#Dataset-14907	bia:File	609
experimentA/Exp15/2020-02-11_10A_231_Migration2020-02-11_10A_231_3minFrames_XY0008.ome.zarr	#Dataset-14907	bia:Image	772659576
experimentA/Exp15/2020-02-11_10A_231_Migration2020-02-11_10A_231_3minFrames_XY0008.ome.zarr.log	#Dataset-14907	bia:File	609
experimentA/Exp16/2020-02-18_10A_231_inh_PostTiling2020-02-18_WellA1.ome.zarr	#Dataset-14908	bia:Image	243048187
experimentA/Exp16/2020-02-18_10A_231_inh_PostTiling2020-02-18_WellA1.ome.zarr.log	#Dataset-14908	bia:File	551
experimentA/Exp16/2020-02-18_10A_231_inh_PostTiling2020-02-18_WellA2.ome.zarr	#Dataset-14908	bia:Image	242986033
experimentA/Exp16/2020-02-18_10A_231_inh_PostTiling2020-02-18_WellA2.ome.zarr.log	#Dataset-14908	bia:File	551
experimentA/Exp16/2020-02-18_10A_231_inh_PostTiling2020-02-18_WellA3.ome.zarr	#Dataset-14908	bia:Image	248242449
experimentA/Exp16/2020-02-18_10A_231_inh_PostTiling2020-02-18_WellA3.ome.zarr.log	#Dataset-14908	bia:File	551
experimentA/Exp16/2020-02-18_10A_231_inh_PostTiling2020-02-18_WellA4.ome.zarr	#Dataset-14908	bia:Image	244903280
experimentA/Exp16/2020-02-18_10A_231_inh_PostTiling2020-02-18_WellA4.ome.zarr.log	#Dataset-14908	bia:File	551
experimentA/Exp16/2020-02-18_10A_231_inh_PreTiling2020-02-18_WellA1.ome.zarr	#Dataset-14908	bia:Image	240680507
experimentA/Exp16/2020-02-18_10A_231_inh_PreTiling2020-02-18_WellA1.ome.zarr.log	#Dataset-14908	bia:File	549
experimentA/Exp16/2020-02-18_10A_231_inh_PreTiling2020-02-18_WellA2.ome.zarr	#Dataset-14908	bia:Image	247298366
experimentA/Exp16/2020-02-18_10A_231_inh_PreTiling2020-02-18_WellA2.ome.zarr.log	#Dataset-14908	bia:File	549
experimentA/Exp16/2020-02-18_10A_231_inh_PreTiling2020-02-18_WellA3.ome.zarr	#Dataset-14908	bia:Image	247574568
experimentA/Exp16/2020-02-18_10A_231_inh_PreTiling2020-02-18_WellA3.ome.zarr.log	#Dataset-14908	bia:File	549
experimentA/Exp16/2020-02-18_10A_231_inh_PreTiling2020-02-18_WellA4.ome.zarr	#Dataset-14908	bia:Image	243025289
experimentA/Exp16/2020-02-18_10A_231_inh_PreTiling2020-02-18_WellA4.ome.zarr.log	#Dataset-14908	bia:File	549
experimentA/Exp16/2020-02-18_10A_231_Migration2020-02-18_10A_231_3minFrames_XY0001.ome.zarr	#Dataset-14908	bia:Image	739487373
experimentA/Exp16/2020-02-18_10A_231_Migration2020-02-18_10A_231_3minFrames_XY0001.ome.zarr.log	#Dataset-14908	bia:File	609
experimentA/Exp16/2020-02-18_10A_231_Migration2020-02-18_10A_231_3minFrames_XY0002.ome.zarr	#Dataset-14908	bia:Image	711868885
experimentA/Exp16/2020-02-18_10A_231_Migration2020-02-18_10A_231_3minFrames_XY0002.ome.zarr.log	#Dataset-14908	bia:File	609
experimentA/Exp16/2020-02-18_10A_231_Migration2020-02-18_10A_231_3minFrames_XY0003.ome.zarr	#Dataset-14908	bia:Image	744670542
experimentA/Exp16/2020-02-18_10A_231_Migration2020-02-18_10A_231_3minFrames_XY0003.ome.zarr.log	#Dataset-14908	bia:File	609
experimentA/Exp16/2020-02-18_10A_231_Migration2020-02-18_10A_231_3minFrames_XY0004.ome.zarr	#Dataset-14908	bia:Image	717801515
experimentA/Exp16/2020-02-18_10A_231_Migration2020-02-18_10A_231_3minFrames_XY0004.ome.zarr.log	#Dataset-14908	bia:File	609
experimentA/Exp16/2020-02-18_10A_231_Migration2020-02-18_10A_231_3minFrames_XY0005.ome.zarr	#Dataset-14908	bia:Image	729896014
experimentA/Exp16/2020-02-18_10A_231_Migration2020-02-18_10A_231_3minFrames_XY0005.ome.zarr.log	#Dataset-14908	bia:File	609
experimentA/Exp16/2020-02-18_10A_231_Migration2020-02-18_10A_231_3minFrames_XY0006.ome.zarr	#Dataset-14908	bia:Image	745261727
experimentA/Exp16/2020-02-18_10A_231_Migration2020-02-18_10A_231_3minFrames_XY0006.ome.zarr.log	#Dataset-14908	bia:File	609
experimentA/Exp16/2020-02-18_10A_231_Migration2020-02-18_10A_231_3minFrames_XY0007.ome.zarr	#Dataset-14908	bia:Image	743242850
experimentA/Exp16/2020-02-18_10A_231_Migration2020-02-18_10A_231_3minFrames_XY0007.ome.zarr.log	#Dataset-14908	bia:File	609
experimentA/Exp16/2020-02-18_10A_231_Migration2020-02-18_10A_231_3minFrames_XY0008.ome.zarr	#Dataset-14908	bia:Image	738555220
experimentA/Exp16/2020-02-18_10A_231_Migration2020-02-18_10A_231_3minFrames_XY0008.ome.zarr.log	#Dataset-14908	bia:File	609
experimentB/Exp01/2021-01-10_plate12021-01-10_plate1_wellA1.ome.zarr	#Dataset-14917	bia:Image	409045052
experimentB/Exp01/2021-01-10_plate12021-01-10_plate1_wellA1.ome.zarr.log	#Dataset-14917	bia:File	533
experimentB/Exp01/2021-01-10_plate12021-01-10_plate1_wellA2.ome.zarr	#Dataset-14917	bia:Image	411330934
experimentB/Exp01/2021-01-10_plate12021-01-10_plate1_wellA2.ome.zarr.log	#Dataset-14917	bia:File	533
experimentB/Exp01/2021-01-10_plate12021-01-10_plate1_wellA3.ome.zarr	#Dataset-14917	bia:Image	399952043
experimentB/Exp01/2021-01-10_plate12021-01-10_plate1_wellA3.ome.zarr.log	#Dataset-14917	bia:File	533
experimentB/Exp01/2021-01-10_plate12021-01-10_plate1_wellA4.ome.zarr	#Dataset-14917	bia:Image	403775240
experimentB/Exp01/2021-01-10_plate12021-01-10_plate1_wellA4.ome.zarr.log	#Dataset-14917	bia:File	533
experimentB/Exp01/2021-01-10_plate22021-01-10_plate2_wellA1.ome.zarr	#Dataset-14917	bia:Image	414808685
experimentB/Exp01/2021-01-10_plate22021-01-10_plate2_wellA1.ome.zarr.log	#Dataset-14917	bia:File	533
experimentB/Exp01/2021-01-10_plate22021-01-10_plate2_wellA2.ome.zarr	#Dataset-14917	bia:Image	408206837
experimentB/Exp01/2021-01-10_plate22021-01-10_plate2_wellA2.ome.zarr.log	#Dataset-14917	bia:File	533
experimentB/Exp01/2021-01-10_plate22021-01-10_plate2_wellA3.ome.zarr	#Dataset-14917	bia:Image	409104387
experimentB/Exp01/2021-01-10_plate22021-01-10_plate2_wellA3.ome.zarr.log	#Dataset-14917	bia:File	533
experimentB/Exp01/2021-01-10_plate22021-01-10_plate2_wellA4.ome.zarr	#Dataset-14917	bia:Image	408439871
experimentB/Exp01/2021-01-10_plate22021-01-10_plate2_wellA4.ome.zarr.log	#Dataset-14917	bia:File	533
experimentB/Exp01/2021-01-11_plate12021-01-11_plate1_WellA1.ome.zarr	#Dataset-14917	bia:Image	398456314
experimentB/Exp01/2021-01-11_plate12021-01-11_plate1_WellA1.ome.zarr.log	#Dataset-14917	bia:File	533
experimentB/Exp01/2021-01-11_plate12021-01-11_plate1_WellA2.ome.zarr	#Dataset-14917	bia:Image	425491030
experimentB/Exp01/2021-01-11_plate12021-01-11_plate1_WellA2.ome.zarr.log	#Dataset-14917	bia:File	533
experimentB/Exp01/2021-01-11_plate12021-01-11_plate1_WellA3.ome.zarr	#Dataset-14917	bia:Image	397788492
experimentB/Exp01/2021-01-11_plate12021-01-11_plate1_WellA3.ome.zarr.log	#Dataset-14917	bia:File	533
experimentB/Exp01/2021-01-11_plate12021-01-11_plate1_WellA4.ome.zarr	#Dataset-14917	bia:Image	412236693
experimentB/Exp01/2021-01-11_plate12021-01-11_plate1_WellA4.ome.zarr.log	#Dataset-14917	bia:File	533
experimentB/Exp01/2021-01-11_plate22021-01-11_plate2_WellA1.ome.zarr	#Dataset-14917	bia:Image	421391281
experimentB/Exp01/2021-01-11_plate22021-01-11_plate2_WellA1.ome.zarr.log	#Dataset-14917	bia:File	533
experimentB/Exp01/2021-01-11_plate22021-01-11_plate2_WellA2.ome.zarr	#Dataset-14917	bia:Image	427652362
experimentB/Exp01/2021-01-11_plate22021-01-11_plate2_WellA2.ome.zarr.log	#Dataset-14917	bia:File	533
experimentB/Exp01/2021-01-11_plate22021-01-11_plate2_WellA3.ome.zarr	#Dataset-14917	bia:Image	411579721
experimentB/Exp01/2021-01-11_plate22021-01-11_plate2_WellA3.ome.zarr.log	#Dataset-14917	bia:File	533
experimentB/Exp01/2021-01-11_plate22021-01-11_plate2_WellA4.ome.zarr	#Dataset-14917	bia:Image	422163772
experimentB/Exp01/2021-01-11_plate22021-01-11_plate2_WellA4.ome.zarr.log	#Dataset-14917	bia:File	533
experimentB/Exp01/2021-01-12_plate12021-01-11_plate1_WellA1.ome.zarr	#Dataset-14917	bia:Image	406038337
experimentB/Exp01/2021-01-12_plate12021-01-11_plate1_WellA1.ome.zarr.log	#Dataset-14917	bia:File	533
experimentB/Exp01/2021-01-12_plate12021-01-11_plate1_WellA2.ome.zarr	#Dataset-14917	bia:Image	396751520
experimentB/Exp01/2021-01-12_plate12021-01-11_plate1_WellA2.ome.zarr.log	#Dataset-14917	bia:File	533
experimentB/Exp01/2021-01-12_plate12021-01-11_plate1_WellA3.ome.zarr	#Dataset-14917	bia:Image	397267268
experimentB/Exp01/2021-01-12_plate12021-01-11_plate1_WellA3.ome.zarr.log	#Dataset-14917	bia:File	533
experimentB/Exp01/2021-01-12_plate12021-01-11_plate1_WellA4.ome.zarr	#Dataset-14917	bia:Image	395631931
experimentB/Exp01/2021-01-12_plate12021-01-11_plate1_WellA4.ome.zarr.log	#Dataset-14917	bia:File	533
experimentB/Exp01/2021-01-12_plate22021-01-11_plate2_WellA1.ome.zarr	#Dataset-14917	bia:Image	434502485
experimentB/Exp01/2021-01-12_plate22021-01-11_plate2_WellA1.ome.zarr.log	#Dataset-14917	bia:File	533
experimentB/Exp01/2021-01-12_plate22021-01-11_plate2_WellA2.ome.zarr	#Dataset-14917	bia:Image	423536430
experimentB/Exp01/2021-01-12_plate22021-01-11_plate2_WellA2.ome.zarr.log	#Dataset-14917	bia:File	533
experimentB/Exp01/2021-01-12_plate22021-01-11_plate2_WellA3.ome.zarr	#Dataset-14917	bia:Image	423525307
experimentB/Exp01/2021-01-12_plate22021-01-11_plate2_WellA3.ome.zarr.log	#Dataset-14917	bia:File	533
experimentB/Exp01/2021-01-12_plate22021-01-11_plate2_WellA4.ome.zarr	#Dataset-14917	bia:Image	424410415
experimentB/Exp01/2021-01-12_plate22021-01-11_plate2_WellA4.ome.zarr.log	#Dataset-14917	bia:File	533
